0	Сотрудник	O
0	София	B-NAME
0	Лыткина	B-FAMILY
0	проводит	O
0	оплату	O
0	по	O
0	карте	O
0	9177	B-CARD
0	6334	I-CARD
0	2720	I-CARD
0	3886	I-CARD
0	через	O
0	кабинет	O
0	https://portal.company.com/cabinet	B-URL
0	и	O
0	подтверждает	O
0	заявку	O
0	звонком	O
0	на	O
0	номер	O
0	+7-994-848-72-97.	B-PHONE

1	Контакт	O
1	Святослав	B-NAME
1	Шубин	B-FAMILY
1	подтвердил	O
1	перевод	O
1	на	O
1	карту	O
1	7848	B-CARD
1	1652	I-CARD
1	4445	I-CARD
1	4460	I-CARD
1	и	O
1	прислал	O
1	ИНН	O
1	045306935882	B-INN
1	для	O
1	квитанции.	O

2	В	O
2	регистрационной	O
2	форме	O
2	указано:	O
2	Анастасия	B-FAMILY
2	Аскольдовна,	B-NAME
2	паспорт	O
2	2755	B-PASSPORT
2	116325,	I-PASSPORT
2	телефон	O
2	+7-939-422-71-84,	B-PHONE
2	URL	O
2	личного	O
2	кабинета	O
2	https://lk.bank.ru/cabinet,	B-URL
2	СНИЛС	O
2	999-698-829	B-SNILS
2	07.	I-SNILS

3	Сотрудник	O
3	Архип	B-NAME
3	Иванов	B-FAMILY
3	проводит	O
3	оплату	O
3	по	O
3	карте	O
3	2001	B-CARD
3	8676	I-CARD
3	6100	I-CARD
3	8987	I-CARD
3	через	O
3	кабинет	O
3	https://service.company.ru/cabinet	B-URL
3	и	O
3	подтверждает	O
3	заявку	O
3	звонком	O
3	на	O
3	номер	O
3	+7-914-115-33-39.	B-PHONE

4	Сотрудник	O
4	Ирина	B-NAME
4	Колесникова	B-FAMILY
4	проводит	O
4	оплату	O
4	по	O
4	карте	O
4	6205	B-CARD
4	4596	I-CARD
4	7150	I-CARD
4	0666	I-CARD
4	через	O
4	кабинет	O
4	https://service.shop.ru/cabinet	B-URL
4	и	O
4	подтверждает	O
4	заявку	O
4	звонком	O
4	на	O
4	номер	O
4	+7-900-303-12-68.	B-PHONE

5	Агент	O
5	Октябрина	B-NAME
5	Зиновьева	B-FAMILY
5	сообщил	O
5	о	O
5	семейном	O
5	статусе	O
5	по	O
5	свидетельству	O
5	82-693234,	B-MARRIAGE
5	предоставил	O
5	карту	O
5	2689	B-CARD
5	9962	I-CARD
5	6970	I-CARD
5	8386	I-CARD
5	и	O
5	кадастровый	O
5	номер	O
5	16:61:654842:7952.	B-CADASTRAL

6	Контакт	O
6	Алина	B-NAME
6	Носова	B-FAMILY
6	подтвердил	O
6	перевод	O
6	на	O
6	карту	O
6	6041	B-CARD
6	8095	I-CARD
6	2175	I-CARD
6	5851	I-CARD
6	и	O
6	прислал	O
6	ИНН	O
6	059625719760	B-INN
6	для	O
6	квитанции.	O

7	Клиент	O
7	Корнил	B-NAME
7	Устинов	B-FAMILY
7	идентифицирован	O
7	по	O
7	паспорту	O
7	5862	B-PASSPORT
7	503803	I-PASSPORT
7	и	O
7	ИНН	O
7	921188241996;	B-INN
7	связь	O
7	поддерживается	O
7	по	O
7	телефону	O
7	+7-975-176-67-16.	B-PHONE

8	Представитель	O
8	Лора	B-FAMILY
8	Павловна	B-NAME
8	предоставил	O
8	свидетельство	O
8	о	O
8	браке	O
8	90-889638	B-MARRIAGE
8	и	O
8	СНИЛС	O
8	282-895-400	B-SNILS
8	11	I-SNILS
8	для	O
8	проверки	O
8	договора.	O

9	Контакт	O
9	Нина	B-NAME
9	Кузьмина	B-FAMILY
9	подтвердил	O
9	перевод	O
9	на	O
9	карту	O
9	7418	B-CARD
9	9485	I-CARD
9	4329	I-CARD
9	8769	I-CARD
9	и	O
9	прислал	O
9	ИНН	O
9	271152610537	B-INN
9	для	O
9	квитанции.	O

10	В	O
10	регистрационной	O
10	форме	O
10	указано:	O
10	Комаров	B-FAMILY
10	Тарас,	B-NAME
10	паспорт	O
10	2893	B-PASSPORT
10	533501,	I-PASSPORT
10	телефон	O
10	+7-923-170-69-47,	B-PHONE
10	URL	O
10	личного	O
10	кабинета	O
10	https://service.university.ru/cabinet,	B-URL
10	СНИЛС	O
10	450-258-963	B-SNILS
10	87.	I-SNILS

11	В	O
11	обращении	O
11	указаны	O
11	паспорт	O
11	9247	B-PASSPORT
11	304715,	I-PASSPORT
11	кадастровый	O
11	номер	O
11	13:60:916745:8316,	B-CADASTRAL
11	телефон	O
11	+7-942-460-20-56	B-PHONE
11	и	O
11	URL	O
11	https://secure.company.ru/cabinet	B-URL
11	владельца	O
11	Марина	B-NAME
11	Попова.	B-FAMILY

12	Собственник	O
12	Евграф	B-FAMILY
12	Гордеевич	B-NAME
12	сообщил	O
12	кадастровый	O
12	номер	O
12	64:13:902144:7258	B-CADASTRAL
12	и	O
12	СНИЛС	O
12	535-412-012	B-SNILS
12	23	I-SNILS
12	для	O
12	сверки	O
12	в	O
12	Росреестре.	O

13	Представитель	O
13	Котова	B-FAMILY
13	Евдокия	B-NAME
13	предоставил	O
13	свидетельство	O
13	о	O
13	браке	O
13	98-886476	B-MARRIAGE
13	и	O
13	СНИЛС	O
13	493-403-910	B-SNILS
13	35	I-SNILS
13	для	O
13	проверки	O
13	договора.	O

14	Клиент	O
14	Феофанович	B-NAME
14	Карл	B-FAMILY
14	идентифицирован	O
14	по	O
14	паспорту	O
14	3400	B-PASSPORT
14	147924	I-PASSPORT
14	и	O
14	ИНН	O
14	561006799006;	B-INN
14	связь	O
14	поддерживается	O
14	по	O
14	телефону	O
14	+7-905-896-99-40.	B-PHONE

15	Представитель	O
15	Ситников	B-FAMILY
15	Юрий	B-NAME
15	предоставил	O
15	свидетельство	O
15	о	O
15	браке	O
15	57-330628	B-MARRIAGE
15	и	O
15	СНИЛС	O
15	290-292-334	B-SNILS
15	42	I-SNILS
15	для	O
15	проверки	O
15	договора.	O

16	В	O
16	журнале	O
16	регистраций	O
16	брак	O
16	подтверждён	O
16	свидетельством	O
16	25-552407;	B-MARRIAGE
16	контактные	O
16	данные	O
16	Модест	B-NAME
16	Устинов	B-FAMILY
16	и	O
16	паспорт	O
16	8479	B-PASSPORT
16	450311.	I-PASSPORT

17	Анкета	O
17	офиса:	O
17	Тимур	B-NAME
17	Карпов,	B-FAMILY
17	ИНН	O
17	818970591611,	B-INN
17	номер	O
17	карты	O
17	7216	B-CARD
17	8800	I-CARD
17	5378	I-CARD
17	9318,	I-CARD
17	контактный	O
17	телефон	O
17	+7-975-420-82-69,	B-PHONE
17	сайт	O
17	https://service.service.ru/cabinet.	B-URL

18	Контакт	O
18	Владленович	B-NAME
18	Лучезар	B-FAMILY
18	подтвердил	O
18	перевод	O
18	на	O
18	карту	O
18	3281	B-CARD
18	1659	I-CARD
18	9302	I-CARD
18	0203	I-CARD
18	и	O
18	прислал	O
18	ИНН	O
18	018227200283	B-INN
18	для	O
18	квитанции.	O

19	Анкета	O
19	офиса:	O
19	Карл	B-NAME
19	Чернов,	B-FAMILY
19	ИНН	O
19	213530281650,	B-INN
19	номер	O
19	карты	O
19	9198	B-CARD
19	3210	I-CARD
19	2916	I-CARD
19	1746,	I-CARD
19	контактный	O
19	телефон	O
19	+7-958-570-55-60,	B-PHONE
19	сайт	O
19	https://secure.company.ru/cabinet.	B-URL

20	Собственник	O
20	Коновалова	B-FAMILY
20	Раиса	B-NAME
20	сообщил	O
20	кадастровый	O
20	номер	O
20	40:78:907623:3090	B-CADASTRAL
20	и	O
20	СНИЛС	O
20	670-805-685	B-SNILS
20	53	I-SNILS
20	для	O
20	сверки	O
20	в	O
20	Росреестре.	O

21	Собственник	O
21	Аким	B-FAMILY
21	Трофимович	B-NAME
21	сообщил	O
21	кадастровый	O
21	номер	O
21	29:26:686893:5552	B-CADASTRAL
21	и	O
21	СНИЛС	O
21	114-243-625	B-SNILS
21	83	I-SNILS
21	для	O
21	сверки	O
21	в	O
21	Росреестре.	O

22	В	O
22	обращении	O
22	указаны	O
22	паспорт	O
22	3195	B-PASSPORT
22	855148,	I-PASSPORT
22	кадастровый	O
22	номер	O
22	77:65:500878:1042,	B-CADASTRAL
22	телефон	O
22	+7-992-373-57-69	B-PHONE
22	и	O
22	URL	O
22	https://service.shop.com/cabinet	B-URL
22	владельца	O
22	Юрьевна	B-NAME
22	Фаина.	B-FAMILY

23	В	O
23	журнале	O
23	регистраций	O
23	брак	O
23	подтверждён	O
23	свидетельством	O
23	34-782271;	B-MARRIAGE
23	контактные	O
23	данные	O
23	Прокл	B-NAME
23	Воронцов	B-FAMILY
23	и	O
23	паспорт	O
23	4418	B-PASSPORT
23	393975.	I-PASSPORT

24	В	O
24	регистрационной	O
24	форме	O
24	указано:	O
24	Лариса	B-FAMILY
24	Романовна,	B-NAME
24	паспорт	O
24	7806	B-PASSPORT
24	956244,	I-PASSPORT
24	телефон	O
24	+7-915-181-57-80,	B-PHONE
24	URL	O
24	личного	O
24	кабинета	O
24	https://www.company.com/cabinet,	B-URL
24	СНИЛС	O
24	100-817-852	B-SNILS
24	18.	I-SNILS

25	Собственник	O
25	Дарья	B-FAMILY
25	Макаровна	B-NAME
25	сообщил	O
25	кадастровый	O
25	номер	O
25	30:74:825928:2023	B-CADASTRAL
25	и	O
25	СНИЛС	O
25	337-014-005	B-SNILS
25	19	I-SNILS
25	для	O
25	сверки	O
25	в	O
25	Росреестре.	O

26	Собственник	O
26	Игорь	B-FAMILY
26	Захарьевич	B-NAME
26	сообщил	O
26	кадастровый	O
26	номер	O
26	29:46:336455:2117	B-CADASTRAL
26	и	O
26	СНИЛС	O
26	862-092-973	B-SNILS
26	44	I-SNILS
26	для	O
26	сверки	O
26	в	O
26	Росреестре.	O

27	Собственник	O
27	Ефремова	B-FAMILY
27	Маргарита	B-NAME
27	сообщил	O
27	кадастровый	O
27	номер	O
27	34:17:252199:3438	B-CADASTRAL
27	и	O
27	СНИЛС	O
27	269-718-236	B-SNILS
27	04	I-SNILS
27	для	O
27	сверки	O
27	в	O
27	Росреестре.	O

28	Клиент	O
28	Герасимович	B-NAME
28	Никита	B-FAMILY
28	идентифицирован	O
28	по	O
28	паспорту	O
28	3502	B-PASSPORT
28	248514	I-PASSPORT
28	и	O
28	ИНН	O
28	280194425892;	B-INN
28	связь	O
28	поддерживается	O
28	по	O
28	телефону	O
28	+7-947-771-16-59.	B-PHONE

29	Клиент	O
29	Власович	B-NAME
29	Венедикт	B-FAMILY
29	идентифицирован	O
29	по	O
29	паспорту	O
29	2175	B-PASSPORT
29	330426	I-PASSPORT
29	и	O
29	ИНН	O
29	626084639756;	B-INN
29	связь	O
29	поддерживается	O
29	по	O
29	телефону	O
29	+7-922-741-94-18.	B-PHONE

30	Агент	O
30	Герасимович	B-NAME
30	Артемий	B-FAMILY
30	сообщил	O
30	о	O
30	семейном	O
30	статусе	O
30	по	O
30	свидетельству	O
30	50-807736,	B-MARRIAGE
30	предоставил	O
30	карту	O
30	7609	B-CARD
30	8731	I-CARD
30	2677	I-CARD
30	3192	I-CARD
30	и	O
30	кадастровый	O
30	номер	O
30	98:04:582745:5557.	B-CADASTRAL

31	В	O
31	регистрационной	O
31	форме	O
31	указано:	O
31	Кошелева	B-FAMILY
31	Екатерина,	B-NAME
31	паспорт	O
31	9690	B-PASSPORT
31	660741,	I-PASSPORT
31	телефон	O
31	+7-929-227-28-15,	B-PHONE
31	URL	O
31	личного	O
31	кабинета	O
31	https://www.company.ru/cabinet,	B-URL
31	СНИЛС	O
31	165-430-895	B-SNILS
31	23.	I-SNILS

32	Клиент	O
32	Альбертовна	B-NAME
32	Мария	B-FAMILY
32	идентифицирован	O
32	по	O
32	паспорту	O
32	8131	B-PASSPORT
32	620525	I-PASSPORT
32	и	O
32	ИНН	O
32	649797416365;	B-INN
32	связь	O
32	поддерживается	O
32	по	O
32	телефону	O
32	+7-989-325-70-35.	B-PHONE

33	Контакт	O
33	Прасковья	B-NAME
33	Калашникова	B-FAMILY
33	подтвердил	O
33	перевод	O
33	на	O
33	карту	O
33	6345	B-CARD
33	4434	I-CARD
33	4149	I-CARD
33	1699	I-CARD
33	и	O
33	прислал	O
33	ИНН	O
33	512827636431	B-INN
33	для	O
33	квитанции.	O

34	Контакт	O
34	Екатерина	B-NAME
34	Щербакова	B-FAMILY
34	подтвердил	O
34	перевод	O
34	на	O
34	карту	O
34	1321	B-CARD
34	0972	I-CARD
34	0217	I-CARD
34	0754	I-CARD
34	и	O
34	прислал	O
34	ИНН	O
34	946408822309	B-INN
34	для	O
34	квитанции.	O

35	Анкета	O
35	офиса:	O
35	Вероника	B-NAME
35	Капустина,	B-FAMILY
35	ИНН	O
35	203004496461,	B-INN
35	номер	O
35	карты	O
35	5658	B-CARD
35	9635	I-CARD
35	9570	I-CARD
35	8619,	I-CARD
35	контактный	O
35	телефон	O
35	+7-999-217-36-69,	B-PHONE
35	сайт	O
35	https://secure.bank.ru/cabinet.	B-URL

36	Контакт	O
36	Филипповна	B-NAME
36	Юлия	B-FAMILY
36	подтвердил	O
36	перевод	O
36	на	O
36	карту	O
36	1043	B-CARD
36	7968	I-CARD
36	6800	I-CARD
36	8529	I-CARD
36	и	O
36	прислал	O
36	ИНН	O
36	631138850342	B-INN
36	для	O
36	квитанции.	O

37	Контакт	O
37	Васильевич	B-NAME
37	Валерий	B-FAMILY
37	подтвердил	O
37	перевод	O
37	на	O
37	карту	O
37	3328	B-CARD
37	2930	I-CARD
37	2025	I-CARD
37	6913	I-CARD
37	и	O
37	прислал	O
37	ИНН	O
37	743043502385	B-INN
37	для	O
37	квитанции.	O

38	Представитель	O
38	Симонов	B-FAMILY
38	Остромир	B-NAME
38	предоставил	O
38	свидетельство	O
38	о	O
38	браке	O
38	21-271344	B-MARRIAGE
38	и	O
38	СНИЛС	O
38	530-245-301	B-SNILS
38	22	I-SNILS
38	для	O
38	проверки	O
38	договора.	O

39	Сотрудник	O
39	Фёкла	B-NAME
39	Колобова	B-FAMILY
39	проводит	O
39	оплату	O
39	по	O
39	карте	O
39	2581	B-CARD
39	2259	I-CARD
39	0956	I-CARD
39	6844	I-CARD
39	через	O
39	кабинет	O
39	https://secure.bank.ru/cabinet	B-URL
39	и	O
39	подтверждает	O
39	заявку	O
39	звонком	O
39	на	O
39	номер	O
39	+7-919-907-96-70.	B-PHONE

40	Представитель	O
40	Петров	B-FAMILY
40	Вячеслав	B-NAME
40	предоставил	O
40	свидетельство	O
40	о	O
40	браке	O
40	29-684640	B-MARRIAGE
40	и	O
40	СНИЛС	O
40	690-170-740	B-SNILS
40	80	I-SNILS
40	для	O
40	проверки	O
40	договора.	O

41	Собственник	O
41	Октябрина	B-FAMILY
41	Юльевна	B-NAME
41	сообщил	O
41	кадастровый	O
41	номер	O
41	90:24:516558:6999	B-CADASTRAL
41	и	O
41	СНИЛС	O
41	833-444-704	B-SNILS
41	64	I-SNILS
41	для	O
41	сверки	O
41	в	O
41	Росреестре.	O

42	В	O
42	обращении	O
42	указаны	O
42	паспорт	O
42	3620	B-PASSPORT
42	726768,	I-PASSPORT
42	кадастровый	O
42	номер	O
42	60:86:855186:2526,	B-CADASTRAL
42	телефон	O
42	+7-977-237-13-93	B-PHONE
42	и	O
42	URL	O
42	https://secure.university.ru/cabinet	B-URL
42	владельца	O
42	Харитонович	B-NAME
42	Эмиль.	B-FAMILY

43	Сотрудник	O
43	Лукия	B-NAME
43	Дроздова	B-FAMILY
43	проводит	O
43	оплату	O
43	по	O
43	карте	O
43	2112	B-CARD
43	2121	I-CARD
43	5481	I-CARD
43	5826	I-CARD
43	через	O
43	кабинет	O
43	https://secure.university.org/cabinet	B-URL
43	и	O
43	подтверждает	O
43	заявку	O
43	звонком	O
43	на	O
43	номер	O
43	+7-934-687-78-38.	B-PHONE

44	Анкета	O
44	офиса:	O
44	Дмитрий	B-NAME
44	Костин,	B-FAMILY
44	ИНН	O
44	488064420062,	B-INN
44	номер	O
44	карты	O
44	6464	B-CARD
44	1962	I-CARD
44	3421	I-CARD
44	9262,	I-CARD
44	контактный	O
44	телефон	O
44	+7-999-854-59-91,	B-PHONE
44	сайт	O
44	https://portal.company.ru/cabinet.	B-URL

45	Клиент	O
45	Игнатий	B-NAME
45	Третьяков	B-FAMILY
45	идентифицирован	O
45	по	O
45	паспорту	O
45	3672	B-PASSPORT
45	741449	I-PASSPORT
45	и	O
45	ИНН	O
45	483147891179;	B-INN
45	связь	O
45	поддерживается	O
45	по	O
45	телефону	O
45	+7-967-198-93-30.	B-PHONE

46	В	O
46	регистрационной	O
46	форме	O
46	указано:	O
46	Дьячков	B-FAMILY
46	Бронислав,	B-NAME
46	паспорт	O
46	6271	B-PASSPORT
46	762499,	I-PASSPORT
46	телефон	O
46	+7-989-542-30-68,	B-PHONE
46	URL	O
46	личного	O
46	кабинета	O
46	https://www.service.com/cabinet,	B-URL
46	СНИЛС	O
46	692-990-076	B-SNILS
46	68.	I-SNILS

47	В	O
47	регистрационной	O
47	форме	O
47	указано:	O
47	Ершова	B-FAMILY
47	Полина,	B-NAME
47	паспорт	O
47	5992	B-PASSPORT
47	914713,	I-PASSPORT
47	телефон	O
47	+7-941-825-99-12,	B-PHONE
47	URL	O
47	личного	O
47	кабинета	O
47	https://www.service.ru/cabinet,	B-URL
47	СНИЛС	O
47	883-527-918	B-SNILS
47	61.	I-SNILS

48	Агент	O
48	Ульяна	B-NAME
48	Дроздова	B-FAMILY
48	сообщил	O
48	о	O
48	семейном	O
48	статусе	O
48	по	O
48	свидетельству	O
48	03-566670,	B-MARRIAGE
48	предоставил	O
48	карту	O
48	3498	B-CARD
48	9925	I-CARD
48	5394	I-CARD
48	6074	I-CARD
48	и	O
48	кадастровый	O
48	номер	O
48	35:81:598261:2339.	B-CADASTRAL

49	Анкета	O
49	офиса:	O
49	Гордеевич	B-NAME
49	Фадей,	B-FAMILY
49	ИНН	O
49	941799670808,	B-INN
49	номер	O
49	карты	O
49	3984	B-CARD
49	1673	I-CARD
49	4785	I-CARD
49	3698,	I-CARD
49	контактный	O
49	телефон	O
49	+7-951-382-19-75,	B-PHONE
49	сайт	O
49	https://secure.company.com/cabinet.	B-URL

50	Представитель	O
50	Симонов	B-FAMILY
50	Лавр	B-NAME
50	предоставил	O
50	свидетельство	O
50	о	O
50	браке	O
50	95-596738	B-MARRIAGE
50	и	O
50	СНИЛС	O
50	706-648-900	B-SNILS
50	69	I-SNILS
50	для	O
50	проверки	O
50	договора.	O

51	Клиент	O
51	Власович	B-NAME
51	Венедикт	B-FAMILY
51	идентифицирован	O
51	по	O
51	паспорту	O
51	7815	B-PASSPORT
51	348053	I-PASSPORT
51	и	O
51	ИНН	O
51	027500030566;	B-INN
51	связь	O
51	поддерживается	O
51	по	O
51	телефону	O
51	+7-971-367-82-34.	B-PHONE

52	Представитель	O
52	Маслова	B-FAMILY
52	Маргарита	B-NAME
52	предоставил	O
52	свидетельство	O
52	о	O
52	браке	O
52	40-603736	B-MARRIAGE
52	и	O
52	СНИЛС	O
52	865-240-622	B-SNILS
52	14	I-SNILS
52	для	O
52	проверки	O
52	договора.	O

53	В	O
53	журнале	O
53	регистраций	O
53	брак	O
53	подтверждён	O
53	свидетельством	O
53	92-807900;	B-MARRIAGE
53	контактные	O
53	данные	O
53	Анастасия	B-NAME
53	Дмитриева	B-FAMILY
53	и	O
53	паспорт	O
53	7100	B-PASSPORT
53	726301.	I-PASSPORT

54	Собственник	O
54	Виктория	B-FAMILY
54	Эдуардовна	B-NAME
54	сообщил	O
54	кадастровый	O
54	номер	O
54	26:34:403442:9881	B-CADASTRAL
54	и	O
54	СНИЛС	O
54	710-508-054	B-SNILS
54	76	I-SNILS
54	для	O
54	сверки	O
54	в	O
54	Росреестре.	O

55	Собственник	O
55	Феврония	B-FAMILY
55	Антоновна	B-NAME
55	сообщил	O
55	кадастровый	O
55	номер	O
55	42:85:323039:5365	B-CADASTRAL
55	и	O
55	СНИЛС	O
55	133-892-608	B-SNILS
55	60	I-SNILS
55	для	O
55	сверки	O
55	в	O
55	Росреестре.	O

56	Агент	O
56	Евпраксия	B-NAME
56	Кононова	B-FAMILY
56	сообщил	O
56	о	O
56	семейном	O
56	статусе	O
56	по	O
56	свидетельству	O
56	69-724508,	B-MARRIAGE
56	предоставил	O
56	карту	O
56	6299	B-CARD
56	9466	I-CARD
56	4509	I-CARD
56	9990	I-CARD
56	и	O
56	кадастровый	O
56	номер	O
56	71:44:602992:3734.	B-CADASTRAL

57	Анкета	O
57	офиса:	O
57	Витальевич	B-NAME
57	Филимон,	B-FAMILY
57	ИНН	O
57	352118968442,	B-INN
57	номер	O
57	карты	O
57	5759	B-CARD
57	5828	I-CARD
57	1902	I-CARD
57	2179,	I-CARD
57	контактный	O
57	телефон	O
57	+7-947-548-31-81,	B-PHONE
57	сайт	O
57	https://service.service.org/cabinet.	B-URL

58	В	O
58	журнале	O
58	регистраций	O
58	брак	O
58	подтверждён	O
58	свидетельством	O
58	03-873732;	B-MARRIAGE
58	контактные	O
58	данные	O
58	Елизавета	B-NAME
58	Русакова	B-FAMILY
58	и	O
58	паспорт	O
58	9664	B-PASSPORT
58	666700.	I-PASSPORT

59	Представитель	O
59	Светлана	B-FAMILY
59	Евгеньевна	B-NAME
59	предоставил	O
59	свидетельство	O
59	о	O
59	браке	O
59	55-144315	B-MARRIAGE
59	и	O
59	СНИЛС	O
59	515-880-705	B-SNILS
59	24	I-SNILS
59	для	O
59	проверки	O
59	договора.	O

60	В	O
60	обращении	O
60	указаны	O
60	паспорт	O
60	9765	B-PASSPORT
60	936345,	I-PASSPORT
60	кадастровый	O
60	номер	O
60	12:84:450551:6322,	B-CADASTRAL
60	телефон	O
60	+7-910-322-98-54	B-PHONE
60	и	O
60	URL	O
60	https://lk.shop.com/cabinet	B-URL
60	владельца	O
60	Феофанович	B-NAME
60	Леонтий.	B-FAMILY

61	Анкета	O
61	офиса:	O
61	Руслановна	B-NAME
61	Лора,	B-FAMILY
61	ИНН	O
61	792551164369,	B-INN
61	номер	O
61	карты	O
61	6605	B-CARD
61	3428	I-CARD
61	1644	I-CARD
61	1610,	I-CARD
61	контактный	O
61	телефон	O
61	+7-969-708-63-93,	B-PHONE
61	сайт	O
61	https://www.service.org/cabinet.	B-URL

62	Агент	O
62	Артемовна	B-NAME
62	Евфросиния	B-FAMILY
62	сообщил	O
62	о	O
62	семейном	O
62	статусе	O
62	по	O
62	свидетельству	O
62	97-791300,	B-MARRIAGE
62	предоставил	O
62	карту	O
62	4718	B-CARD
62	9395	I-CARD
62	3096	I-CARD
62	9067	I-CARD
62	и	O
62	кадастровый	O
62	номер	O
62	78:81:825672:59.	B-CADASTRAL

63	Собственник	O
63	Никита	B-FAMILY
63	Димитриевич	B-NAME
63	сообщил	O
63	кадастровый	O
63	номер	O
63	66:29:867870:3835	B-CADASTRAL
63	и	O
63	СНИЛС	O
63	872-717-430	B-SNILS
63	82	I-SNILS
63	для	O
63	сверки	O
63	в	O
63	Росреестре.	O

64	Собственник	O
64	Виктория	B-FAMILY
64	Богдановна	B-NAME
64	сообщил	O
64	кадастровый	O
64	номер	O
64	91:35:204548:9258	B-CADASTRAL
64	и	O
64	СНИЛС	O
64	386-028-262	B-SNILS
64	44	I-SNILS
64	для	O
64	сверки	O
64	в	O
64	Росреестре.	O

65	В	O
65	обращении	O
65	указаны	O
65	паспорт	O
65	3614	B-PASSPORT
65	383873,	I-PASSPORT
65	кадастровый	O
65	номер	O
65	49:68:552587:1626,	B-CADASTRAL
65	телефон	O
65	+7-973-516-36-33	B-PHONE
65	и	O
65	URL	O
65	https://secure.company.ru/cabinet	B-URL
65	владельца	O
65	Тарасович	B-NAME
65	Харлампий.	B-FAMILY

66	В	O
66	журнале	O
66	регистраций	O
66	брак	O
66	подтверждён	O
66	свидетельством	O
66	12-298712;	B-MARRIAGE
66	контактные	O
66	данные	O
66	Фролович	B-NAME
66	Любомир	B-FAMILY
66	и	O
66	паспорт	O
66	4524	B-PASSPORT
66	152701.	I-PASSPORT

67	Сотрудник	O
67	Синклитикия	B-NAME
67	Авдеева	B-FAMILY
67	проводит	O
67	оплату	O
67	по	O
67	карте	O
67	7074	B-CARD
67	4360	I-CARD
67	2344	I-CARD
67	2252	I-CARD
67	через	O
67	кабинет	O
67	https://www.university.ru/cabinet	B-URL
67	и	O
67	подтверждает	O
67	заявку	O
67	звонком	O
67	на	O
67	номер	O
67	+7-972-271-80-18.	B-PHONE

68	Агент	O
68	Фадеевич	B-NAME
68	Мокей	B-FAMILY
68	сообщил	O
68	о	O
68	семейном	O
68	статусе	O
68	по	O
68	свидетельству	O
68	12-279022,	B-MARRIAGE
68	предоставил	O
68	карту	O
68	0245	B-CARD
68	5985	I-CARD
68	1602	I-CARD
68	1191	I-CARD
68	и	O
68	кадастровый	O
68	номер	O
68	56:70:524257:4679.	B-CADASTRAL

69	Собственник	O
69	Синклитикия	B-FAMILY
69	Борисовна	B-NAME
69	сообщил	O
69	кадастровый	O
69	номер	O
69	17:26:923575:5342	B-CADASTRAL
69	и	O
69	СНИЛС	O
69	884-474-083	B-SNILS
69	56	I-SNILS
69	для	O
69	сверки	O
69	в	O
69	Росреестре.	O

70	В	O
70	регистрационной	O
70	форме	O
70	указано:	O
70	Олимпиада	B-FAMILY
70	Леонидовна,	B-NAME
70	паспорт	O
70	5564	B-PASSPORT
70	666579,	I-PASSPORT
70	телефон	O
70	+7-925-861-72-97,	B-PHONE
70	URL	O
70	личного	O
70	кабинета	O
70	https://service.university.ru/cabinet,	B-URL
70	СНИЛС	O
70	654-622-021	B-SNILS
70	21.	I-SNILS

71	В	O
71	регистрационной	O
71	форме	O
71	указано:	O
71	Ия	B-FAMILY
71	Егоровна,	B-NAME
71	паспорт	O
71	2474	B-PASSPORT
71	227211,	I-PASSPORT
71	телефон	O
71	+7-901-654-53-48,	B-PHONE
71	URL	O
71	личного	O
71	кабинета	O
71	https://portal.university.ru/cabinet,	B-URL
71	СНИЛС	O
71	737-989-790	B-SNILS
71	49.	I-SNILS

72	Сотрудник	O
72	Рубеновна	B-NAME
72	Нинель	B-FAMILY
72	проводит	O
72	оплату	O
72	по	O
72	карте	O
72	6999	B-CARD
72	4494	I-CARD
72	6672	I-CARD
72	0108	I-CARD
72	через	O
72	кабинет	O
72	https://portal.shop.org/cabinet	B-URL
72	и	O
72	подтверждает	O
72	заявку	O
72	звонком	O
72	на	O
72	номер	O
72	+7-952-130-67-51.	B-PHONE

73	Представитель	O
73	Ратибор	B-FAMILY
73	Эдгардович	B-NAME
73	предоставил	O
73	свидетельство	O
73	о	O
73	браке	O
73	54-172816	B-MARRIAGE
73	и	O
73	СНИЛС	O
73	581-745-273	B-SNILS
73	45	I-SNILS
73	для	O
73	проверки	O
73	договора.	O

74	В	O
74	журнале	O
74	регистраций	O
74	брак	O
74	подтверждён	O
74	свидетельством	O
74	49-860643;	B-MARRIAGE
74	контактные	O
74	данные	O
74	Егоровна	B-NAME
74	Татьяна	B-FAMILY
74	и	O
74	паспорт	O
74	1293	B-PASSPORT
74	400799.	I-PASSPORT

75	Анкета	O
75	офиса:	O
75	Куликова	B-NAME
75	тов.,	B-FAMILY
75	ИНН	O
75	346019153057,	B-INN
75	номер	O
75	карты	O
75	2512	B-CARD
75	7267	I-CARD
75	0866	I-CARD
75	6562,	I-CARD
75	контактный	O
75	телефон	O
75	+7-962-519-78-31,	B-PHONE
75	сайт	O
75	https://portal.shop.ru/cabinet.	B-URL

76	Сотрудник	O
76	Любосмысл	B-NAME
76	Гордеев	B-FAMILY
76	проводит	O
76	оплату	O
76	по	O
76	карте	O
76	6682	B-CARD
76	1215	I-CARD
76	6495	I-CARD
76	2549	I-CARD
76	через	O
76	кабинет	O
76	https://portal.company.com/cabinet	B-URL
76	и	O
76	подтверждает	O
76	заявку	O
76	звонком	O
76	на	O
76	номер	O
76	+7-926-414-16-49.	B-PHONE

77	Клиент	O
77	Жанович	B-NAME
77	Сила	B-FAMILY
77	идентифицирован	O
77	по	O
77	паспорту	O
77	2656	B-PASSPORT
77	803154	I-PASSPORT
77	и	O
77	ИНН	O
77	973881827306;	B-INN
77	связь	O
77	поддерживается	O
77	по	O
77	телефону	O
77	+7-908-640-76-45.	B-PHONE

78	В	O
78	журнале	O
78	регистраций	O
78	брак	O
78	подтверждён	O
78	свидетельством	O
78	06-918596;	B-MARRIAGE
78	контактные	O
78	данные	O
78	Димитриевич	B-NAME
78	Самуил	B-FAMILY
78	и	O
78	паспорт	O
78	2940	B-PASSPORT
78	842636.	I-PASSPORT

79	В	O
79	журнале	O
79	регистраций	O
79	брак	O
79	подтверждён	O
79	свидетельством	O
79	66-216463;	B-MARRIAGE
79	контактные	O
79	данные	O
79	Васильевна	B-NAME
79	Анна	B-FAMILY
79	и	O
79	паспорт	O
79	6812	B-PASSPORT
79	816956.	I-PASSPORT

80	Контакт	O
80	Вилорович	B-NAME
80	Карп	B-FAMILY
80	подтвердил	O
80	перевод	O
80	на	O
80	карту	O
80	5780	B-CARD
80	0244	I-CARD
80	3236	I-CARD
80	2216	I-CARD
80	и	O
80	прислал	O
80	ИНН	O
80	996477183753	B-INN
80	для	O
80	квитанции.	O

81	Агент	O
81	Аркадьевна	B-NAME
81	Кира	B-FAMILY
81	сообщил	O
81	о	O
81	семейном	O
81	статусе	O
81	по	O
81	свидетельству	O
81	29-124730,	B-MARRIAGE
81	предоставил	O
81	карту	O
81	3508	B-CARD
81	4243	I-CARD
81	1983	I-CARD
81	9248	I-CARD
81	и	O
81	кадастровый	O
81	номер	O
81	02:39:212341:6965.	B-CADASTRAL

82	Контакт	O
82	Даниловна	B-NAME
82	Кира	B-FAMILY
82	подтвердил	O
82	перевод	O
82	на	O
82	карту	O
82	0147	B-CARD
82	6427	I-CARD
82	8961	I-CARD
82	5738	I-CARD
82	и	O
82	прислал	O
82	ИНН	O
82	053021516758	B-INN
82	для	O
82	квитанции.	O

83	В	O
83	регистрационной	O
83	форме	O
83	указано:	O
83	Евпраксия	B-FAMILY
83	Геннадиевна,	B-NAME
83	паспорт	O
83	9072	B-PASSPORT
83	445522,	I-PASSPORT
83	телефон	O
83	+7-937-905-47-65,	B-PHONE
83	URL	O
83	личного	O
83	кабинета	O
83	https://service.company.com/cabinet,	B-URL
83	СНИЛС	O
83	260-972-360	B-SNILS
83	19.	I-SNILS

84	В	O
84	регистрационной	O
84	форме	O
84	указано:	O
84	Агата	B-FAMILY
84	Вениаминовна,	B-NAME
84	паспорт	O
84	4766	B-PASSPORT
84	604526,	I-PASSPORT
84	телефон	O
84	+7-922-440-43-60,	B-PHONE
84	URL	O
84	личного	O
84	кабинета	O
84	https://service.bank.ru/cabinet,	B-URL
84	СНИЛС	O
84	148-572-602	B-SNILS
84	72.	I-SNILS

85	Контакт	O
85	Ильясович	B-NAME
85	Всеволод	B-FAMILY
85	подтвердил	O
85	перевод	O
85	на	O
85	карту	O
85	4050	B-CARD
85	8927	I-CARD
85	3961	I-CARD
85	5976	I-CARD
85	и	O
85	прислал	O
85	ИНН	O
85	625923868790	B-INN
85	для	O
85	квитанции.	O

86	Анкета	O
86	офиса:	O
86	Артурович	B-NAME
86	Фотий,	B-FAMILY
86	ИНН	O
86	789775542619,	B-INN
86	номер	O
86	карты	O
86	0222	B-CARD
86	7111	I-CARD
86	7576	I-CARD
86	9171,	I-CARD
86	контактный	O
86	телефон	O
86	+7-916-566-36-33,	B-PHONE
86	сайт	O
86	https://service.bank.ru/cabinet.	B-URL

87	Собственник	O
87	Селиверстов	B-FAMILY
87	Юлий	B-NAME
87	сообщил	O
87	кадастровый	O
87	номер	O
87	05:38:711637:3249	B-CADASTRAL
87	и	O
87	СНИЛС	O
87	392-202-698	B-SNILS
87	01	I-SNILS
87	для	O
87	сверки	O
87	в	O
87	Росреестре.	O

88	Клиент	O
88	Юльевна	B-NAME
88	Валерия	B-FAMILY
88	идентифицирован	O
88	по	O
88	паспорту	O
88	4026	B-PASSPORT
88	533343	I-PASSPORT
88	и	O
88	ИНН	O
88	724469317294;	B-INN
88	связь	O
88	поддерживается	O
88	по	O
88	телефону	O
88	+7-950-874-51-43.	B-PHONE

89	Собственник	O
89	Мясникова	B-FAMILY
89	Клавдия	B-NAME
89	сообщил	O
89	кадастровый	O
89	номер	O
89	10:48:914355:4904	B-CADASTRAL
89	и	O
89	СНИЛС	O
89	845-397-499	B-SNILS
89	47	I-SNILS
89	для	O
89	сверки	O
89	в	O
89	Росреестре.	O

90	В	O
90	обращении	O
90	указаны	O
90	паспорт	O
90	1533	B-PASSPORT
90	393069,	I-PASSPORT
90	кадастровый	O
90	номер	O
90	32:51:271139:9701,	B-CADASTRAL
90	телефон	O
90	+7-942-452-17-24	B-PHONE
90	и	O
90	URL	O
90	https://portal.bank.ru/cabinet	B-URL
90	владельца	O
90	Георгиевна	B-NAME
90	Юлия.	B-FAMILY

91	Агент	O
91	Львовна	B-NAME
91	Галина	B-FAMILY
91	сообщил	O
91	о	O
91	семейном	O
91	статусе	O
91	по	O
91	свидетельству	O
91	12-693868,	B-MARRIAGE
91	предоставил	O
91	карту	O
91	3763	B-CARD
91	1774	I-CARD
91	9542	I-CARD
91	1062	I-CARD
91	и	O
91	кадастровый	O
91	номер	O
91	27:58:458505:1603.	B-CADASTRAL

92	Анкета	O
92	офиса:	O
92	Наина	B-NAME
92	Белякова,	B-FAMILY
92	ИНН	O
92	671317536264,	B-INN
92	номер	O
92	карты	O
92	7300	B-CARD
92	9928	I-CARD
92	4524	I-CARD
92	0321,	I-CARD
92	контактный	O
92	телефон	O
92	+7-903-735-64-25,	B-PHONE
92	сайт	O
92	https://www.shop.org/cabinet.	B-URL

93	Представитель	O
93	Кудрявцева	B-FAMILY
93	Екатерина	B-NAME
93	предоставил	O
93	свидетельство	O
93	о	O
93	браке	O
93	76-718206	B-MARRIAGE
93	и	O
93	СНИЛС	O
93	247-925-422	B-SNILS
93	11	I-SNILS
93	для	O
93	проверки	O
93	договора.	O

94	В	O
94	обращении	O
94	указаны	O
94	паспорт	O
94	1936	B-PASSPORT
94	273989,	I-PASSPORT
94	кадастровый	O
94	номер	O
94	14:69:292257:5779,	B-CADASTRAL
94	телефон	O
94	+7-902-857-75-44	B-PHONE
94	и	O
94	URL	O
94	https://portal.bank.com/cabinet	B-URL
94	владельца	O
94	Артемьевич	B-NAME
94	Ратибор.	B-FAMILY

95	Агент	O
95	Романовна	B-NAME
95	Екатерина	B-FAMILY
95	сообщил	O
95	о	O
95	семейном	O
95	статусе	O
95	по	O
95	свидетельству	O
95	37-778445,	B-MARRIAGE
95	предоставил	O
95	карту	O
95	6627	B-CARD
95	0266	I-CARD
95	0450	I-CARD
95	9563	I-CARD
95	и	O
95	кадастровый	O
95	номер	O
95	06:03:852014:3795.	B-CADASTRAL

96	В	O
96	обращении	O
96	указаны	O
96	паспорт	O
96	2226	B-PASSPORT
96	152326,	I-PASSPORT
96	кадастровый	O
96	номер	O
96	60:23:309594:4447,	B-CADASTRAL
96	телефон	O
96	+7-967-247-69-72	B-PHONE
96	и	O
96	URL	O
96	https://www.company.org/cabinet	B-URL
96	владельца	O
96	Степановна	B-NAME
96	Нина.	B-FAMILY

97	В	O
97	регистрационной	O
97	форме	O
97	указано:	O
97	Акулина	B-FAMILY
97	Михайловна,	B-NAME
97	паспорт	O
97	2476	B-PASSPORT
97	566294,	I-PASSPORT
97	телефон	O
97	+7-914-866-35-68,	B-PHONE
97	URL	O
97	личного	O
97	кабинета	O
97	https://www.shop.com/cabinet,	B-URL
97	СНИЛС	O
97	164-231-654	B-SNILS
97	36.	I-SNILS

98	В	O
98	регистрационной	O
98	форме	O
98	указано:	O
98	Воронцов	B-FAMILY
98	Владлен,	B-NAME
98	паспорт	O
98	8231	B-PASSPORT
98	120733,	I-PASSPORT
98	телефон	O
98	+7-934-453-64-52,	B-PHONE
98	URL	O
98	личного	O
98	кабинета	O
98	https://service.service.org/cabinet,	B-URL
98	СНИЛС	O
98	837-444-172	B-SNILS
98	28.	I-SNILS

99	Представитель	O
99	Евгения	B-FAMILY
99	Васильевна	B-NAME
99	предоставил	O
99	свидетельство	O
99	о	O
99	браке	O
99	51-863092	B-MARRIAGE
99	и	O
99	СНИЛС	O
99	216-435-990	B-SNILS
99	04	I-SNILS
99	для	O
99	проверки	O
99	договора.	O

100	Клиент	O
100	Федосьевич	B-NAME
100	Федор	B-FAMILY
100	идентифицирован	O
100	по	O
100	паспорту	O
100	7809	B-PASSPORT
100	368862	I-PASSPORT
100	и	O
100	ИНН	O
100	672636815418;	B-INN
100	связь	O
100	поддерживается	O
100	по	O
100	телефону	O
100	+7-921-690-24-11.	B-PHONE

101	Анкета	O
101	офиса:	O
101	Витальевич	B-NAME
101	Клавдий,	B-FAMILY
101	ИНН	O
101	730671822266,	B-INN
101	номер	O
101	карты	O
101	8590	B-CARD
101	6739	I-CARD
101	6342	I-CARD
101	8987,	I-CARD
101	контактный	O
101	телефон	O
101	+7-964-541-52-37,	B-PHONE
101	сайт	O
101	https://service.company.org/cabinet.	B-URL

102	В	O
102	журнале	O
102	регистраций	O
102	брак	O
102	подтверждён	O
102	свидетельством	O
102	01-659827;	B-MARRIAGE
102	контактные	O
102	данные	O
102	Ирина	B-NAME
102	Исаева	B-FAMILY
102	и	O
102	паспорт	O
102	3261	B-PASSPORT
102	245750.	I-PASSPORT

103	Сотрудник	O
103	Парамон	B-NAME
103	Павлов	B-FAMILY
103	проводит	O
103	оплату	O
103	по	O
103	карте	O
103	5873	B-CARD
103	0549	I-CARD
103	8243	I-CARD
103	8843	I-CARD
103	через	O
103	кабинет	O
103	https://www.bank.org/cabinet	B-URL
103	и	O
103	подтверждает	O
103	заявку	O
103	звонком	O
103	на	O
103	номер	O
103	+7-976-283-18-88.	B-PHONE

104	Анкета	O
104	офиса:	O
104	Дементий	B-NAME
104	Рябов,	B-FAMILY
104	ИНН	O
104	806643158901,	B-INN
104	номер	O
104	карты	O
104	0926	B-CARD
104	4070	I-CARD
104	3088	I-CARD
104	0817,	I-CARD
104	контактный	O
104	телефон	O
104	+7-999-147-24-70,	B-PHONE
104	сайт	O
104	https://portal.university.ru/cabinet.	B-URL

105	Представитель	O
105	Лев	B-FAMILY
105	Бориславович	B-NAME
105	предоставил	O
105	свидетельство	O
105	о	O
105	браке	O
105	25-805186	B-MARRIAGE
105	и	O
105	СНИЛС	O
105	741-168-069	B-SNILS
105	87	I-SNILS
105	для	O
105	проверки	O
105	договора.	O

106	Анкета	O
106	офиса:	O
106	Константиновна	B-NAME
106	Анжелика,	B-FAMILY
106	ИНН	O
106	245870120424,	B-INN
106	номер	O
106	карты	O
106	2849	B-CARD
106	7603	I-CARD
106	9670	I-CARD
106	2436,	I-CARD
106	контактный	O
106	телефон	O
106	+7-958-472-41-11,	B-PHONE
106	сайт	O
106	https://lk.bank.org/cabinet.	B-URL

107	Анкета	O
107	офиса:	O
107	Анастасия	B-NAME
107	Панова,	B-FAMILY
107	ИНН	O
107	187540364882,	B-INN
107	номер	O
107	карты	O
107	2360	B-CARD
107	6679	I-CARD
107	9864	I-CARD
107	9125,	I-CARD
107	контактный	O
107	телефон	O
107	+7-951-520-29-35,	B-PHONE
107	сайт	O
107	https://secure.shop.org/cabinet.	B-URL

108	Клиент	O
108	Таисия	B-NAME
108	Горбачева	B-FAMILY
108	идентифицирован	O
108	по	O
108	паспорту	O
108	4047	B-PASSPORT
108	734212	I-PASSPORT
108	и	O
108	ИНН	O
108	862269920666;	B-INN
108	связь	O
108	поддерживается	O
108	по	O
108	телефону	O
108	+7-975-715-94-29.	B-PHONE

109	Агент	O
109	Елисеевич	B-NAME
109	Кондратий	B-FAMILY
109	сообщил	O
109	о	O
109	семейном	O
109	статусе	O
109	по	O
109	свидетельству	O
109	82-984596,	B-MARRIAGE
109	предоставил	O
109	карту	O
109	2914	B-CARD
109	3049	I-CARD
109	1341	I-CARD
109	0389	I-CARD
109	и	O
109	кадастровый	O
109	номер	O
109	70:61:238826:544.	B-CADASTRAL

110	Контакт	O
110	Владислав	B-NAME
110	Котов	B-FAMILY
110	подтвердил	O
110	перевод	O
110	на	O
110	карту	O
110	9629	B-CARD
110	8056	I-CARD
110	8201	I-CARD
110	7530	I-CARD
110	и	O
110	прислал	O
110	ИНН	O
110	564224059208	B-INN
110	для	O
110	квитанции.	O

111	Анкета	O
111	офиса:	O
111	Мокей	B-NAME
111	Селезнев,	B-FAMILY
111	ИНН	O
111	404347412531,	B-INN
111	номер	O
111	карты	O
111	1750	B-CARD
111	3619	I-CARD
111	2025	I-CARD
111	9991,	I-CARD
111	контактный	O
111	телефон	O
111	+7-963-301-92-31,	B-PHONE
111	сайт	O
111	https://secure.bank.org/cabinet.	B-URL

112	Представитель	O
112	Елисеев	B-FAMILY
112	Еремей	B-NAME
112	предоставил	O
112	свидетельство	O
112	о	O
112	браке	O
112	10-685466	B-MARRIAGE
112	и	O
112	СНИЛС	O
112	786-235-107	B-SNILS
112	52	I-SNILS
112	для	O
112	проверки	O
112	договора.	O

113	В	O
113	регистрационной	O
113	форме	O
113	указано:	O
113	Станимир	B-FAMILY
113	Богданович,	B-NAME
113	паспорт	O
113	9922	B-PASSPORT
113	878030,	I-PASSPORT
113	телефон	O
113	+7-901-834-49-50,	B-PHONE
113	URL	O
113	личного	O
113	кабинета	O
113	https://service.bank.org/cabinet,	B-URL
113	СНИЛС	O
113	607-700-409	B-SNILS
113	31.	I-SNILS

114	В	O
114	регистрационной	O
114	форме	O
114	указано:	O
114	Борисов	B-FAMILY
114	Севастьян,	B-NAME
114	паспорт	O
114	7542	B-PASSPORT
114	817742,	I-PASSPORT
114	телефон	O
114	+7-953-235-35-17,	B-PHONE
114	URL	O
114	личного	O
114	кабинета	O
114	https://www.service.ru/cabinet,	B-URL
114	СНИЛС	O
114	164-693-335	B-SNILS
114	92.	I-SNILS

115	Сотрудник	O
115	Ефимович	B-NAME
115	Фадей	B-FAMILY
115	проводит	O
115	оплату	O
115	по	O
115	карте	O
115	4722	B-CARD
115	0539	I-CARD
115	7077	I-CARD
115	4544	I-CARD
115	через	O
115	кабинет	O
115	https://service.company.org/cabinet	B-URL
115	и	O
115	подтверждает	O
115	заявку	O
115	звонком	O
115	на	O
115	номер	O
115	+7-976-771-61-14.	B-PHONE

116	Клиент	O
116	Всемил	B-NAME
116	Павлов	B-FAMILY
116	идентифицирован	O
116	по	O
116	паспорту	O
116	8271	B-PASSPORT
116	887181	I-PASSPORT
116	и	O
116	ИНН	O
116	146199539467;	B-INN
116	связь	O
116	поддерживается	O
116	по	O
116	телефону	O
116	+7-946-337-11-27.	B-PHONE

117	Анкета	O
117	офиса:	O
117	Наина	B-NAME
117	Ермакова,	B-FAMILY
117	ИНН	O
117	281640989103,	B-INN
117	номер	O
117	карты	O
117	5237	B-CARD
117	5979	I-CARD
117	5319	I-CARD
117	2600,	I-CARD
117	контактный	O
117	телефон	O
117	+7-917-123-87-43,	B-PHONE
117	сайт	O
117	https://secure.service.com/cabinet.	B-URL

118	В	O
118	журнале	O
118	регистраций	O
118	брак	O
118	подтверждён	O
118	свидетельством	O
118	02-346136;	B-MARRIAGE
118	контактные	O
118	данные	O
118	Афанасьевна	B-NAME
118	Зинаида	B-FAMILY
118	и	O
118	паспорт	O
118	6270	B-PASSPORT
118	370311.	I-PASSPORT

119	Анкета	O
119	офиса:	O
119	Матвеевна	B-NAME
119	Евпраксия,	B-FAMILY
119	ИНН	O
119	607047266023,	B-INN
119	номер	O
119	карты	O
119	1671	B-CARD
119	5605	I-CARD
119	8790	I-CARD
119	5224,	I-CARD
119	контактный	O
119	телефон	O
119	+7-900-169-66-39,	B-PHONE
119	сайт	O
119	https://lk.company.ru/cabinet.	B-URL

120	Анкета	O
120	офиса:	O
120	Адамович	B-NAME
120	Климент,	B-FAMILY
120	ИНН	O
120	645315790571,	B-INN
120	номер	O
120	карты	O
120	1833	B-CARD
120	5974	I-CARD
120	8768	I-CARD
120	0570,	I-CARD
120	контактный	O
120	телефон	O
120	+7-927-539-52-59,	B-PHONE
120	сайт	O
120	https://portal.bank.org/cabinet.	B-URL

121	Собственник	O
121	Екатерина	B-FAMILY
121	Антоновна	B-NAME
121	сообщил	O
121	кадастровый	O
121	номер	O
121	84:19:149004:2240	B-CADASTRAL
121	и	O
121	СНИЛС	O
121	329-732-396	B-SNILS
121	37	I-SNILS
121	для	O
121	сверки	O
121	в	O
121	Росреестре.	O

122	Анкета	O
122	офиса:	O
122	Эдгарович	B-NAME
122	Илья,	B-FAMILY
122	ИНН	O
122	914016933284,	B-INN
122	номер	O
122	карты	O
122	5515	B-CARD
122	4526	I-CARD
122	0756	I-CARD
122	9991,	I-CARD
122	контактный	O
122	телефон	O
122	+7-977-109-96-71,	B-PHONE
122	сайт	O
122	https://portal.service.ru/cabinet.	B-URL

123	Представитель	O
123	Коновалов	B-FAMILY
123	Кузьма	B-NAME
123	предоставил	O
123	свидетельство	O
123	о	O
123	браке	O
123	35-119401	B-MARRIAGE
123	и	O
123	СНИЛС	O
123	680-664-707	B-SNILS
123	00	I-SNILS
123	для	O
123	проверки	O
123	договора.	O

124	Клиент	O
124	Аркадьевна	B-NAME
124	Зоя	B-FAMILY
124	идентифицирован	O
124	по	O
124	паспорту	O
124	9295	B-PASSPORT
124	275116	I-PASSPORT
124	и	O
124	ИНН	O
124	676259062003;	B-INN
124	связь	O
124	поддерживается	O
124	по	O
124	телефону	O
124	+7-957-373-50-86.	B-PHONE

125	Сотрудник	O
125	Эльдаровна	B-NAME
125	Алина	B-FAMILY
125	проводит	O
125	оплату	O
125	по	O
125	карте	O
125	3400	B-CARD
125	1276	I-CARD
125	2239	I-CARD
125	8474	I-CARD
125	через	O
125	кабинет	O
125	https://portal.bank.com/cabinet	B-URL
125	и	O
125	подтверждает	O
125	заявку	O
125	звонком	O
125	на	O
125	номер	O
125	+7-978-395-81-53.	B-PHONE

126	Сотрудник	O
126	Наталья	B-NAME
126	Корнилова	B-FAMILY
126	проводит	O
126	оплату	O
126	по	O
126	карте	O
126	7998	B-CARD
126	4605	I-CARD
126	8679	I-CARD
126	4963	I-CARD
126	через	O
126	кабинет	O
126	https://secure.bank.ru/cabinet	B-URL
126	и	O
126	подтверждает	O
126	заявку	O
126	звонком	O
126	на	O
126	номер	O
126	+7-982-478-61-49.	B-PHONE

127	В	O
127	обращении	O
127	указаны	O
127	паспорт	O
127	1830	B-PASSPORT
127	980185,	I-PASSPORT
127	кадастровый	O
127	номер	O
127	88:08:474775:1169,	B-CADASTRAL
127	телефон	O
127	+7-966-508-51-51	B-PHONE
127	и	O
127	URL	O
127	https://secure.university.org/cabinet	B-URL
127	владельца	O
127	Константиновна	B-NAME
127	Ирина.	B-FAMILY

128	Собственник	O
128	Зиновий	B-FAMILY
128	Иосипович	B-NAME
128	сообщил	O
128	кадастровый	O
128	номер	O
128	94:07:666815:8761	B-CADASTRAL
128	и	O
128	СНИЛС	O
128	740-233-868	B-SNILS
128	54	I-SNILS
128	для	O
128	сверки	O
128	в	O
128	Росреестре.	O

129	Клиент	O
129	Дорофеевич	B-NAME
129	Август	B-FAMILY
129	идентифицирован	O
129	по	O
129	паспорту	O
129	1498	B-PASSPORT
129	738282	I-PASSPORT
129	и	O
129	ИНН	O
129	413490961979;	B-INN
129	связь	O
129	поддерживается	O
129	по	O
129	телефону	O
129	+7-926-471-59-88.	B-PHONE

130	Агент	O
130	Вячеслав	B-NAME
130	Потапов	B-FAMILY
130	сообщил	O
130	о	O
130	семейном	O
130	статусе	O
130	по	O
130	свидетельству	O
130	21-311253,	B-MARRIAGE
130	предоставил	O
130	карту	O
130	9777	B-CARD
130	4867	I-CARD
130	5951	I-CARD
130	4186	I-CARD
130	и	O
130	кадастровый	O
130	номер	O
130	01:65:647338:2116.	B-CADASTRAL

131	В	O
131	обращении	O
131	указаны	O
131	паспорт	O
131	6242	B-PASSPORT
131	924922,	I-PASSPORT
131	кадастровый	O
131	номер	O
131	47:44:690480:5119,	B-CADASTRAL
131	телефон	O
131	+7-937-628-36-22	B-PHONE
131	и	O
131	URL	O
131	https://portal.shop.ru/cabinet	B-URL
131	владельца	O
131	Рубеновна	B-NAME
131	Агата.	B-FAMILY

132	Контакт	O
132	Ульяна	B-NAME
132	Степанова	B-FAMILY
132	подтвердил	O
132	перевод	O
132	на	O
132	карту	O
132	4870	B-CARD
132	8477	I-CARD
132	9541	I-CARD
132	7675	I-CARD
132	и	O
132	прислал	O
132	ИНН	O
132	062327237179	B-INN
132	для	O
132	квитанции.	O

133	В	O
133	регистрационной	O
133	форме	O
133	указано:	O
133	Меркушев	B-FAMILY
133	Аким,	B-NAME
133	паспорт	O
133	4442	B-PASSPORT
133	585248,	I-PASSPORT
133	телефон	O
133	+7-970-624-66-62,	B-PHONE
133	URL	O
133	личного	O
133	кабинета	O
133	https://www.shop.org/cabinet,	B-URL
133	СНИЛС	O
133	589-626-838	B-SNILS
133	33.	I-SNILS

134	Клиент	O
134	Татьяна	B-NAME
134	Панфилова	B-FAMILY
134	идентифицирован	O
134	по	O
134	паспорту	O
134	9568	B-PASSPORT
134	774837	I-PASSPORT
134	и	O
134	ИНН	O
134	618207066901;	B-INN
134	связь	O
134	поддерживается	O
134	по	O
134	телефону	O
134	+7-949-666-87-39.	B-PHONE

135	В	O
135	регистрационной	O
135	форме	O
135	указано:	O
135	Евдокия	B-FAMILY
135	Оскаровна,	B-NAME
135	паспорт	O
135	8976	B-PASSPORT
135	563742,	I-PASSPORT
135	телефон	O
135	+7-990-941-45-43,	B-PHONE
135	URL	O
135	личного	O
135	кабинета	O
135	https://lk.company.ru/cabinet,	B-URL
135	СНИЛС	O
135	521-879-938	B-SNILS
135	35.	I-SNILS

136	Контакт	O
136	Яковлевна	B-NAME
136	Татьяна	B-FAMILY
136	подтвердил	O
136	перевод	O
136	на	O
136	карту	O
136	4016	B-CARD
136	3295	I-CARD
136	7378	I-CARD
136	3159	I-CARD
136	и	O
136	прислал	O
136	ИНН	O
136	097797802344	B-INN
136	для	O
136	квитанции.	O

137	Агент	O
137	Алина	B-NAME
137	Петрова	B-FAMILY
137	сообщил	O
137	о	O
137	семейном	O
137	статусе	O
137	по	O
137	свидетельству	O
137	37-781890,	B-MARRIAGE
137	предоставил	O
137	карту	O
137	3966	B-CARD
137	0734	I-CARD
137	4674	I-CARD
137	6215	I-CARD
137	и	O
137	кадастровый	O
137	номер	O
137	11:81:610715:4387.	B-CADASTRAL

138	В	O
138	журнале	O
138	регистраций	O
138	брак	O
138	подтверждён	O
138	свидетельством	O
138	04-703075;	B-MARRIAGE
138	контактные	O
138	данные	O
138	Геннадиевич	B-NAME
138	Валерьян	B-FAMILY
138	и	O
138	паспорт	O
138	2882	B-PASSPORT
138	545324.	I-PASSPORT

139	Анкета	O
139	офиса:	O
139	Денис	B-NAME
139	Шилов,	B-FAMILY
139	ИНН	O
139	366771966661,	B-INN
139	номер	O
139	карты	O
139	4998	B-CARD
139	0137	I-CARD
139	6836	I-CARD
139	7590,	I-CARD
139	контактный	O
139	телефон	O
139	+7-917-796-99-38,	B-PHONE
139	сайт	O
139	https://www.university.com/cabinet.	B-URL

140	В	O
140	журнале	O
140	регистраций	O
140	брак	O
140	подтверждён	O
140	свидетельством	O
140	06-127604;	B-MARRIAGE
140	контактные	O
140	данные	O
140	Федотович	B-NAME
140	Сигизмунд	B-FAMILY
140	и	O
140	паспорт	O
140	7612	B-PASSPORT
140	226141.	I-PASSPORT

141	Представитель	O
141	Евдокимова	B-FAMILY
141	Полина	B-NAME
141	предоставил	O
141	свидетельство	O
141	о	O
141	браке	O
141	18-821633	B-MARRIAGE
141	и	O
141	СНИЛС	O
141	390-473-314	B-SNILS
141	46	I-SNILS
141	для	O
141	проверки	O
141	договора.	O

142	Клиент	O
142	Брониславович	B-NAME
142	Авксентий	B-FAMILY
142	идентифицирован	O
142	по	O
142	паспорту	O
142	5676	B-PASSPORT
142	355705	I-PASSPORT
142	и	O
142	ИНН	O
142	776618308580;	B-INN
142	связь	O
142	поддерживается	O
142	по	O
142	телефону	O
142	+7-941-194-18-42.	B-PHONE

143	В	O
143	обращении	O
143	указаны	O
143	паспорт	O
143	7660	B-PASSPORT
143	773515,	I-PASSPORT
143	кадастровый	O
143	номер	O
143	73:19:120020:1564,	B-CADASTRAL
143	телефон	O
143	+7-942-762-98-52	B-PHONE
143	и	O
143	URL	O
143	https://www.shop.com/cabinet	B-URL
143	владельца	O
143	Иосифович	B-NAME
143	Спиридон.	B-FAMILY

144	Анкета	O
144	офиса:	O
144	Анжела	B-NAME
144	Белякова,	B-FAMILY
144	ИНН	O
144	382222400539,	B-INN
144	номер	O
144	карты	O
144	1348	B-CARD
144	4339	I-CARD
144	1332	I-CARD
144	5286,	I-CARD
144	контактный	O
144	телефон	O
144	+7-994-728-15-19,	B-PHONE
144	сайт	O
144	https://www.bank.ru/cabinet.	B-URL

145	В	O
145	журнале	O
145	регистраций	O
145	брак	O
145	подтверждён	O
145	свидетельством	O
145	43-690055;	B-MARRIAGE
145	контактные	O
145	данные	O
145	Васильевич	B-NAME
145	Каллистрат	B-FAMILY
145	и	O
145	паспорт	O
145	6460	B-PASSPORT
145	232372.	I-PASSPORT

146	В	O
146	обращении	O
146	указаны	O
146	паспорт	O
146	7057	B-PASSPORT
146	925789,	I-PASSPORT
146	кадастровый	O
146	номер	O
146	11:21:772088:7499,	B-CADASTRAL
146	телефон	O
146	+7-992-425-95-39	B-PHONE
146	и	O
146	URL	O
146	https://portal.shop.ru/cabinet	B-URL
146	владельца	O
146	Иларионович	B-NAME
146	Василий.	B-FAMILY

147	В	O
147	журнале	O
147	регистраций	O
147	брак	O
147	подтверждён	O
147	свидетельством	O
147	27-597008;	B-MARRIAGE
147	контактные	O
147	данные	O
147	Любомир	B-NAME
147	Мельников	B-FAMILY
147	и	O
147	паспорт	O
147	4219	B-PASSPORT
147	881133.	I-PASSPORT

148	Сотрудник	O
148	Никифоровна	B-NAME
148	Екатерина	B-FAMILY
148	проводит	O
148	оплату	O
148	по	O
148	карте	O
148	4292	B-CARD
148	6456	I-CARD
148	3391	I-CARD
148	7299	I-CARD
148	через	O
148	кабинет	O
148	https://lk.company.ru/cabinet	B-URL
148	и	O
148	подтверждает	O
148	заявку	O
148	звонком	O
148	на	O
148	номер	O
148	+7-956-506-33-51.	B-PHONE

149	Анкета	O
149	офиса:	O
149	Юрьевна	B-NAME
149	Анастасия,	B-FAMILY
149	ИНН	O
149	664971967068,	B-INN
149	номер	O
149	карты	O
149	1639	B-CARD
149	9490	I-CARD
149	1333	I-CARD
149	4437,	I-CARD
149	контактный	O
149	телефон	O
149	+7-921-458-83-13,	B-PHONE
149	сайт	O
149	https://service.university.org/cabinet.	B-URL

150	Представитель	O
150	Рожкова	B-FAMILY
150	Вера	B-NAME
150	предоставил	O
150	свидетельство	O
150	о	O
150	браке	O
150	16-986709	B-MARRIAGE
150	и	O
150	СНИЛС	O
150	481-160-499	B-SNILS
150	84	I-SNILS
150	для	O
150	проверки	O
150	договора.	O

151	Представитель	O
151	Ирина	B-FAMILY
151	Тарасовна	B-NAME
151	предоставил	O
151	свидетельство	O
151	о	O
151	браке	O
151	17-981205	B-MARRIAGE
151	и	O
151	СНИЛС	O
151	791-386-015	B-SNILS
151	61	I-SNILS
151	для	O
151	проверки	O
151	договора.	O

152	Представитель	O
152	Гусев	B-FAMILY
152	Аполлон	B-NAME
152	предоставил	O
152	свидетельство	O
152	о	O
152	браке	O
152	24-507409	B-MARRIAGE
152	и	O
152	СНИЛС	O
152	913-810-749	B-SNILS
152	14	I-SNILS
152	для	O
152	проверки	O
152	договора.	O

153	В	O
153	обращении	O
153	указаны	O
153	паспорт	O
153	6523	B-PASSPORT
153	275343,	I-PASSPORT
153	кадастровый	O
153	номер	O
153	93:12:577820:2557,	B-CADASTRAL
153	телефон	O
153	+7-977-389-74-82	B-PHONE
153	и	O
153	URL	O
153	https://lk.bank.ru/cabinet	B-URL
153	владельца	O
153	Кузьминична	B-NAME
153	Александра.	B-FAMILY

154	В	O
154	журнале	O
154	регистраций	O
154	брак	O
154	подтверждён	O
154	свидетельством	O
154	93-216728;	B-MARRIAGE
154	контактные	O
154	данные	O
154	Викторовна	B-NAME
154	Варвара	B-FAMILY
154	и	O
154	паспорт	O
154	7622	B-PASSPORT
154	239742.	I-PASSPORT

155	Представитель	O
155	Иванна	B-FAMILY
155	Даниловна	B-NAME
155	предоставил	O
155	свидетельство	O
155	о	O
155	браке	O
155	17-965748	B-MARRIAGE
155	и	O
155	СНИЛС	O
155	283-599-940	B-SNILS
155	00	I-SNILS
155	для	O
155	проверки	O
155	договора.	O

156	Собственник	O
156	Дьячкова	B-FAMILY
156	Регина	B-NAME
156	сообщил	O
156	кадастровый	O
156	номер	O
156	64:72:773684:409	B-CADASTRAL
156	и	O
156	СНИЛС	O
156	194-534-195	B-SNILS
156	97	I-SNILS
156	для	O
156	сверки	O
156	в	O
156	Росреестре.	O

157	Собственник	O
157	Зоя	B-FAMILY
157	Леоновна	B-NAME
157	сообщил	O
157	кадастровый	O
157	номер	O
157	50:43:540798:7532	B-CADASTRAL
157	и	O
157	СНИЛС	O
157	055-855-759	B-SNILS
157	73	I-SNILS
157	для	O
157	сверки	O
157	в	O
157	Росреестре.	O

158	Собственник	O
158	Никонова	B-FAMILY
158	Евдокия	B-NAME
158	сообщил	O
158	кадастровый	O
158	номер	O
158	96:19:362702:2853	B-CADASTRAL
158	и	O
158	СНИЛС	O
158	681-498-025	B-SNILS
158	28	I-SNILS
158	для	O
158	сверки	O
158	в	O
158	Росреестре.	O

159	В	O
159	регистрационной	O
159	форме	O
159	указано:	O
159	Белозерова	B-FAMILY
159	Валерия,	B-NAME
159	паспорт	O
159	5939	B-PASSPORT
159	637168,	I-PASSPORT
159	телефон	O
159	+7-949-278-73-82,	B-PHONE
159	URL	O
159	личного	O
159	кабинета	O
159	https://lk.bank.ru/cabinet,	B-URL
159	СНИЛС	O
159	915-855-749	B-SNILS
159	03.	I-SNILS

160	В	O
160	регистрационной	O
160	форме	O
160	указано:	O
160	Миронов	B-FAMILY
160	Олег,	B-NAME
160	паспорт	O
160	7338	B-PASSPORT
160	337355,	I-PASSPORT
160	телефон	O
160	+7-911-517-69-79,	B-PHONE
160	URL	O
160	личного	O
160	кабинета	O
160	https://www.bank.ru/cabinet,	B-URL
160	СНИЛС	O
160	217-429-220	B-SNILS
160	38.	I-SNILS

161	Анкета	O
161	офиса:	O
161	Александрович	B-NAME
161	Изяслав,	B-FAMILY
161	ИНН	O
161	220619019333,	B-INN
161	номер	O
161	карты	O
161	9561	B-CARD
161	6225	I-CARD
161	6471	I-CARD
161	8559,	I-CARD
161	контактный	O
161	телефон	O
161	+7-907-761-12-33,	B-PHONE
161	сайт	O
161	https://lk.company.org/cabinet.	B-URL

162	В	O
162	регистрационной	O
162	форме	O
162	указано:	O
162	Попова	B-FAMILY
162	Евфросиния,	B-NAME
162	паспорт	O
162	6638	B-PASSPORT
162	862268,	I-PASSPORT
162	телефон	O
162	+7-945-300-96-88,	B-PHONE
162	URL	O
162	личного	O
162	кабинета	O
162	https://secure.bank.org/cabinet,	B-URL
162	СНИЛС	O
162	474-370-194	B-SNILS
162	96.	I-SNILS

163	Контакт	O
163	Елисеевич	B-NAME
163	Ерофей	B-FAMILY
163	подтвердил	O
163	перевод	O
163	на	O
163	карту	O
163	5921	B-CARD
163	2684	I-CARD
163	8563	I-CARD
163	7114	I-CARD
163	и	O
163	прислал	O
163	ИНН	O
163	190223116787	B-INN
163	для	O
163	квитанции.	O

164	Контакт	O
164	Агафья	B-NAME
164	Горбачева	B-FAMILY
164	подтвердил	O
164	перевод	O
164	на	O
164	карту	O
164	8376	B-CARD
164	5915	I-CARD
164	3820	I-CARD
164	1140	I-CARD
164	и	O
164	прислал	O
164	ИНН	O
164	398923132465	B-INN
164	для	O
164	квитанции.	O

165	В	O
165	журнале	O
165	регистраций	O
165	брак	O
165	подтверждён	O
165	свидетельством	O
165	43-215193;	B-MARRIAGE
165	контактные	O
165	данные	O
165	Фадеевич	B-NAME
165	Максимильян	B-FAMILY
165	и	O
165	паспорт	O
165	4609	B-PASSPORT
165	486715.	I-PASSPORT

166	Контакт	O
166	Юлианович	B-NAME
166	Пимен	B-FAMILY
166	подтвердил	O
166	перевод	O
166	на	O
166	карту	O
166	7780	B-CARD
166	4579	I-CARD
166	7251	I-CARD
166	8407	I-CARD
166	и	O
166	прислал	O
166	ИНН	O
166	729350979344	B-INN
166	для	O
166	квитанции.	O

167	Контакт	O
167	Василиса	B-NAME
167	Соловьева	B-FAMILY
167	подтвердил	O
167	перевод	O
167	на	O
167	карту	O
167	2008	B-CARD
167	4842	I-CARD
167	6483	I-CARD
167	3367	I-CARD
167	и	O
167	прислал	O
167	ИНН	O
167	337209451676	B-INN
167	для	O
167	квитанции.	O

168	Анкета	O
168	офиса:	O
168	Герасимович	B-NAME
168	Софон,	B-FAMILY
168	ИНН	O
168	360549469208,	B-INN
168	номер	O
168	карты	O
168	3500	B-CARD
168	1154	I-CARD
168	6175	I-CARD
168	8080,	I-CARD
168	контактный	O
168	телефон	O
168	+7-947-881-21-82,	B-PHONE
168	сайт	O
168	https://portal.service.org/cabinet.	B-URL

169	В	O
169	обращении	O
169	указаны	O
169	паспорт	O
169	5182	B-PASSPORT
169	769051,	I-PASSPORT
169	кадастровый	O
169	номер	O
169	05:20:585060:1683,	B-CADASTRAL
169	телефон	O
169	+7-939-569-50-55	B-PHONE
169	и	O
169	URL	O
169	https://secure.shop.ru/cabinet	B-URL
169	владельца	O
169	Акулина	B-NAME
169	Артемьева.	B-FAMILY

170	Представитель	O
170	Романова	B-FAMILY
170	Анна	B-NAME
170	предоставил	O
170	свидетельство	O
170	о	O
170	браке	O
170	55-443040	B-MARRIAGE
170	и	O
170	СНИЛС	O
170	611-997-675	B-SNILS
170	74	I-SNILS
170	для	O
170	проверки	O
170	договора.	O

171	В	O
171	журнале	O
171	регистраций	O
171	брак	O
171	подтверждён	O
171	свидетельством	O
171	09-768961;	B-MARRIAGE
171	контактные	O
171	данные	O
171	Маргарита	B-NAME
171	Коновалова	B-FAMILY
171	и	O
171	паспорт	O
171	5045	B-PASSPORT
171	482463.	I-PASSPORT

172	Анкета	O
172	офиса:	O
172	Матвей	B-NAME
172	Архипов,	B-FAMILY
172	ИНН	O
172	854613087308,	B-INN
172	номер	O
172	карты	O
172	8425	B-CARD
172	2786	I-CARD
172	3090	I-CARD
172	0712,	I-CARD
172	контактный	O
172	телефон	O
172	+7-960-566-24-25,	B-PHONE
172	сайт	O
172	https://www.company.ru/cabinet.	B-URL

173	Агент	O
173	Ивановна	B-NAME
173	Ульяна	B-FAMILY
173	сообщил	O
173	о	O
173	семейном	O
173	статусе	O
173	по	O
173	свидетельству	O
173	26-828296,	B-MARRIAGE
173	предоставил	O
173	карту	O
173	6833	B-CARD
173	4400	I-CARD
173	9522	I-CARD
173	4265	I-CARD
173	и	O
173	кадастровый	O
173	номер	O
173	24:17:978484:1446.	B-CADASTRAL

174	Контакт	O
174	Андрей	B-NAME
174	Емельянов	B-FAMILY
174	подтвердил	O
174	перевод	O
174	на	O
174	карту	O
174	0080	B-CARD
174	2658	I-CARD
174	9347	I-CARD
174	5978	I-CARD
174	и	O
174	прислал	O
174	ИНН	O
174	439070547360	B-INN
174	для	O
174	квитанции.	O

175	В	O
175	обращении	O
175	указаны	O
175	паспорт	O
175	2462	B-PASSPORT
175	729274,	I-PASSPORT
175	кадастровый	O
175	номер	O
175	85:19:121801:8948,	B-CADASTRAL
175	телефон	O
175	+7-917-936-94-62	B-PHONE
175	и	O
175	URL	O
175	https://www.company.org/cabinet	B-URL
175	владельца	O
175	Чеславович	B-NAME
175	Авксентий.	B-FAMILY

176	Анкета	O
176	офиса:	O
176	Кузьминична	B-NAME
176	Агафья,	B-FAMILY
176	ИНН	O
176	460519085432,	B-INN
176	номер	O
176	карты	O
176	0100	B-CARD
176	0908	I-CARD
176	9931	I-CARD
176	8781,	I-CARD
176	контактный	O
176	телефон	O
176	+7-927-490-86-35,	B-PHONE
176	сайт	O
176	https://www.shop.org/cabinet.	B-URL

177	Собственник	O
177	Евдоким	B-FAMILY
177	Фролович	B-NAME
177	сообщил	O
177	кадастровый	O
177	номер	O
177	02:79:553666:8147	B-CADASTRAL
177	и	O
177	СНИЛС	O
177	613-662-808	B-SNILS
177	10	I-SNILS
177	для	O
177	сверки	O
177	в	O
177	Росреестре.	O

178	В	O
178	регистрационной	O
178	форме	O
178	указано:	O
178	Фадеев	B-FAMILY
178	Осип,	B-NAME
178	паспорт	O
178	8337	B-PASSPORT
178	748789,	I-PASSPORT
178	телефон	O
178	+7-912-621-73-71,	B-PHONE
178	URL	O
178	личного	O
178	кабинета	O
178	https://service.bank.org/cabinet,	B-URL
178	СНИЛС	O
178	765-016-767	B-SNILS
178	88.	I-SNILS

179	Сотрудник	O
179	Лидия	B-NAME
179	Власова	B-FAMILY
179	проводит	O
179	оплату	O
179	по	O
179	карте	O
179	9777	B-CARD
179	2659	I-CARD
179	7640	I-CARD
179	8385	I-CARD
179	через	O
179	кабинет	O
179	https://secure.company.com/cabinet	B-URL
179	и	O
179	подтверждает	O
179	заявку	O
179	звонком	O
179	на	O
179	номер	O
179	+7-913-238-51-53.	B-PHONE

180	Сотрудник	O
180	Милица	B-NAME
180	Лапина	B-FAMILY
180	проводит	O
180	оплату	O
180	по	O
180	карте	O
180	9244	B-CARD
180	9287	I-CARD
180	8757	I-CARD
180	0302	I-CARD
180	через	O
180	кабинет	O
180	https://secure.bank.ru/cabinet	B-URL
180	и	O
180	подтверждает	O
180	заявку	O
180	звонком	O
180	на	O
180	номер	O
180	+7-983-469-15-10.	B-PHONE

181	В	O
181	обращении	O
181	указаны	O
181	паспорт	O
181	9309	B-PASSPORT
181	510438,	I-PASSPORT
181	кадастровый	O
181	номер	O
181	83:98:390549:4999,	B-CADASTRAL
181	телефон	O
181	+7-905-113-73-91	B-PHONE
181	и	O
181	URL	O
181	https://lk.university.org/cabinet	B-URL
181	владельца	O
181	Авдеевич	B-NAME
181	Елисей.	B-FAMILY

182	Контакт	O
182	Зоя	B-NAME
182	Калашникова	B-FAMILY
182	подтвердил	O
182	перевод	O
182	на	O
182	карту	O
182	8348	B-CARD
182	3586	I-CARD
182	2673	I-CARD
182	6648	I-CARD
182	и	O
182	прислал	O
182	ИНН	O
182	740687354453	B-INN
182	для	O
182	квитанции.	O

183	Клиент	O
183	Никифоровна	B-NAME
183	Кира	B-FAMILY
183	идентифицирован	O
183	по	O
183	паспорту	O
183	1074	B-PASSPORT
183	632563	I-PASSPORT
183	и	O
183	ИНН	O
183	943269834436;	B-INN
183	связь	O
183	поддерживается	O
183	по	O
183	телефону	O
183	+7-992-132-86-32.	B-PHONE

184	В	O
184	обращении	O
184	указаны	O
184	паспорт	O
184	4959	B-PASSPORT
184	689538,	I-PASSPORT
184	кадастровый	O
184	номер	O
184	34:20:678143:7113,	B-CADASTRAL
184	телефон	O
184	+7-908-242-69-86	B-PHONE
184	и	O
184	URL	O
184	https://portal.university.com/cabinet	B-URL
184	владельца	O
184	Алексеевна	B-NAME
184	Ульяна.	B-FAMILY

185	Контакт	O
185	Эрнест	B-NAME
185	Русаков	B-FAMILY
185	подтвердил	O
185	перевод	O
185	на	O
185	карту	O
185	4555	B-CARD
185	3706	I-CARD
185	2728	I-CARD
185	1673	I-CARD
185	и	O
185	прислал	O
185	ИНН	O
185	510857383855	B-INN
185	для	O
185	квитанции.	O

186	В	O
186	журнале	O
186	регистраций	O
186	брак	O
186	подтверждён	O
186	свидетельством	O
186	91-858723;	B-MARRIAGE
186	контактные	O
186	данные	O
186	Фролович	B-NAME
186	Афиноген	B-FAMILY
186	и	O
186	паспорт	O
186	7136	B-PASSPORT
186	543734.	I-PASSPORT

187	Собственник	O
187	Самойлова	B-FAMILY
187	Олимпиада	B-NAME
187	сообщил	O
187	кадастровый	O
187	номер	O
187	34:25:189213:8542	B-CADASTRAL
187	и	O
187	СНИЛС	O
187	259-364-502	B-SNILS
187	70	I-SNILS
187	для	O
187	сверки	O
187	в	O
187	Росреестре.	O

188	Контакт	O
188	Яковлевна	B-NAME
188	Евдокия	B-FAMILY
188	подтвердил	O
188	перевод	O
188	на	O
188	карту	O
188	3281	B-CARD
188	6291	I-CARD
188	0873	I-CARD
188	9221	I-CARD
188	и	O
188	прислал	O
188	ИНН	O
188	695310297711	B-INN
188	для	O
188	квитанции.	O

189	Анкета	O
189	офиса:	O
189	Денис	B-NAME
189	Ларионов,	B-FAMILY
189	ИНН	O
189	710529877074,	B-INN
189	номер	O
189	карты	O
189	2683	B-CARD
189	8789	I-CARD
189	0345	I-CARD
189	0295,	I-CARD
189	контактный	O
189	телефон	O
189	+7-906-110-32-10,	B-PHONE
189	сайт	O
189	https://secure.university.com/cabinet.	B-URL

190	В	O
190	обращении	O
190	указаны	O
190	паспорт	O
190	1139	B-PASSPORT
190	733955,	I-PASSPORT
190	кадастровый	O
190	номер	O
190	71:95:306555:1259,	B-CADASTRAL
190	телефон	O
190	+7-906-992-50-22	B-PHONE
190	и	O
190	URL	O
190	https://lk.bank.ru/cabinet	B-URL
190	владельца	O
190	Аверьянович	B-NAME
190	Эмиль.	B-FAMILY

191	Сотрудник	O
191	Эдуардовна	B-NAME
191	Акулина	B-FAMILY
191	проводит	O
191	оплату	O
191	по	O
191	карте	O
191	1410	B-CARD
191	7071	I-CARD
191	6348	I-CARD
191	5089	I-CARD
191	через	O
191	кабинет	O
191	https://lk.company.ru/cabinet	B-URL
191	и	O
191	подтверждает	O
191	заявку	O
191	звонком	O
191	на	O
191	номер	O
191	+7-905-123-55-26.	B-PHONE

192	В	O
192	регистрационной	O
192	форме	O
192	указано:	O
192	Ярополк	B-FAMILY
192	Фокич,	B-NAME
192	паспорт	O
192	2318	B-PASSPORT
192	752440,	I-PASSPORT
192	телефон	O
192	+7-956-556-97-24,	B-PHONE
192	URL	O
192	личного	O
192	кабинета	O
192	https://www.shop.com/cabinet,	B-URL
192	СНИЛС	O
192	561-927-671	B-SNILS
192	30.	I-SNILS

193	Агент	O
193	Октябрина	B-NAME
193	Кулакова	B-FAMILY
193	сообщил	O
193	о	O
193	семейном	O
193	статусе	O
193	по	O
193	свидетельству	O
193	50-428407,	B-MARRIAGE
193	предоставил	O
193	карту	O
193	4215	B-CARD
193	2483	I-CARD
193	1968	I-CARD
193	6364	I-CARD
193	и	O
193	кадастровый	O
193	номер	O
193	49:69:692840:6349.	B-CADASTRAL

194	Сотрудник	O
194	Агафья	B-NAME
194	Колобова	B-FAMILY
194	проводит	O
194	оплату	O
194	по	O
194	карте	O
194	2706	B-CARD
194	5934	I-CARD
194	1040	I-CARD
194	6291	I-CARD
194	через	O
194	кабинет	O
194	https://www.service.com/cabinet	B-URL
194	и	O
194	подтверждает	O
194	заявку	O
194	звонком	O
194	на	O
194	номер	O
194	+7-990-708-24-94.	B-PHONE

195	В	O
195	обращении	O
195	указаны	O
195	паспорт	O
195	9496	B-PASSPORT
195	301934,	I-PASSPORT
195	кадастровый	O
195	номер	O
195	28:81:939687:5135,	B-CADASTRAL
195	телефон	O
195	+7-976-158-50-30	B-PHONE
195	и	O
195	URL	O
195	https://www.company.com/cabinet	B-URL
195	владельца	O
195	Галина	B-NAME
195	Лаврентьева.	B-FAMILY

196	Собственник	O
196	Осипов	B-FAMILY
196	Никон	B-NAME
196	сообщил	O
196	кадастровый	O
196	номер	O
196	89:25:542070:1975	B-CADASTRAL
196	и	O
196	СНИЛС	O
196	694-963-788	B-SNILS
196	09	I-SNILS
196	для	O
196	сверки	O
196	в	O
196	Росреестре.	O

197	Контакт	O
197	Валентина	B-NAME
197	Доронина	B-FAMILY
197	подтвердил	O
197	перевод	O
197	на	O
197	карту	O
197	9981	B-CARD
197	2743	I-CARD
197	9225	I-CARD
197	5174	I-CARD
197	и	O
197	прислал	O
197	ИНН	O
197	985490049037	B-INN
197	для	O
197	квитанции.	O

198	Сотрудник	O
198	Павловна	B-NAME
198	Надежда	B-FAMILY
198	проводит	O
198	оплату	O
198	по	O
198	карте	O
198	3079	B-CARD
198	6859	I-CARD
198	0964	I-CARD
198	5987	I-CARD
198	через	O
198	кабинет	O
198	https://portal.shop.org/cabinet	B-URL
198	и	O
198	подтверждает	O
198	заявку	O
198	звонком	O
198	на	O
198	номер	O
198	+7-949-322-16-87.	B-PHONE

199	Анкета	O
199	офиса:	O
199	Вилорович	B-NAME
199	Бажен,	B-FAMILY
199	ИНН	O
199	351668113397,	B-INN
199	номер	O
199	карты	O
199	2224	B-CARD
199	1983	I-CARD
199	0632	I-CARD
199	3654,	I-CARD
199	контактный	O
199	телефон	O
199	+7-937-111-33-49,	B-PHONE
199	сайт	O
199	https://www.company.org/cabinet.	B-URL

