id;text;has_family;has_name;has_passport;has_inn;has_snils;has_card;has_phone;has_email;has_url;has_marriage_cert;has_cadastral
0;Клиент Фокина Вероника сообщил паспорт 8220 850965, СНИЛС 179-191-371 83 и номер банковской карты 3292 0678 7324 4447 для безопасной оплаты.;1;1;1;0;1;1;0;0;0;0;0
1;В анкете заказчика Януарий Бориславович записаны ИНН 209628320978, СНИЛС 108-845-445 70, рабочий телефон +7-904-954-39-94 и электронная почта chernovjaropolk@example.net.;1;1;0;1;1;0;1;1;0;0;0
2;"В выписке ЕГРН указан кадастровый номер объекта 10:97:238118:1278; владелец Вера Олеговна, паспорт 1792 188515.";1;1;1;0;0;0;0;0;0;0;1
3;В договоре аренды указан кадастровый номер 96:17:969176:5063 и контакт арендатора Агафон Елисеев, телефон +7-914-544-38-51.;1;1;0;0;0;0;1;0;0;0;1
4;"На портале госуслуг подтверждён брак по свидетельству 93-984985; контактное лицо Вячеславович Мина, ИНН 028565569049, СНИЛС 568-495-224 23.";1;1;0;1;1;0;0;0;0;1;0
5;В ЗАГС поданы документы: свидетельство о браке 09-373416, паспорт 5271 998203, телефон +7-999-610-63-89, e-mail taisija_29@example.net.;0;0;1;0;0;0;1;1;0;1;0
6;Заявитель Тихонов Лука, паспорт 6589 472578, ИНН 811469948824, СНИЛС 571-588-558 03, контактный телефон +7-985-683-35-12, электронная почта hrusakova@example.com.;1;1;1;1;1;0;1;1;0;0;0
7;В анкете заказчика Осипова Таисия записаны ИНН 437244235531, СНИЛС 124-166-847 39, рабочий телефон +7-924-997-32-48 и электронная почта semenkarpov@example.com.;1;1;0;1;1;0;1;1;0;0;0
8;На сайте https://secure.university.org/ пользователь Парамон Медведев оставил номер карты 4021 5181 1681 2236 и подтвердил связь по телефону +7-936-982-45-43.;1;1;0;0;0;1;1;0;1;0;0
9;"На портале госуслуг подтверждён брак по свидетельству 29-100651; контактное лицо Галина Кузьмина, ИНН 608298647609, СНИЛС 446-182-100 82.";1;1;0;1;1;0;0;0;0;1;0
10;"В выписке ЕГРН указан кадастровый номер объекта 01:29:718993:678; владелец Регина Афанасьевна, паспорт 5851 595898.";1;1;1;0;0;0;0;0;0;0;1
11;"В выписке ЕГРН указан кадастровый номер объекта 77:45:534787:9926; владелец Лукьян Герасимович, паспорт 8218 193077.";1;1;1;0;0;0;0;0;0;0;1
12;В анкете заказчика Агап Ааронович записаны ИНН 186287022683, СНИЛС 562-003-234 99, рабочий телефон +7-910-647-48-14 и электронная почта evdokija_1975@example.net.;1;1;0;1;1;0;1;1;0;0;0
13;В договоре аренды указан кадастровый номер 69:59:662517:1831 и контакт арендатора Епифан Крылов, телефон +7-989-589-57-86.;1;1;0;0;0;0;1;0;0;0;1
14;В личном деле сотрудника Крюков Арсений указаны документы: паспорт 3691 663839, ИНН 312661467964, СНИЛС 337-023-455 86, телефон +7-920-405-74-36, e-mail maslovataisija@example.com.;1;1;1;1;1;0;1;1;0;0;0
15;В анкете заказчика Евпраксия Анатольевна записаны ИНН 806473040995, СНИЛС 881-249-298 60, рабочий телефон +7-975-901-38-97 и электронная почта nekrasovdobromisl@example.net.;1;1;0;1;1;0;1;1;0;0;0
16;Пользователь Лука Лукин оплачивает заказ картой 4410 6167 1706 7607, оставляя телефон +7-949-171-73-36 и почту naum1989@example.net на сайте https://www.university.org/.;1;1;0;0;0;1;1;1;1;0;0
17;Для входа на портал https://www.university.com/ требуется указать e-mail jsmirnov@example.com и контактный телефон +7-919-563-42-17 пользователя Бориславович Аким.;1;1;0;0;0;0;1;1;1;0;0
18;В ЗАГС поданы документы: свидетельство о браке 72-992414, паспорт 4992 936576, телефон +7-906-879-80-22, e-mail pavlovazoja@example.org.;0;0;1;0;0;0;1;1;0;1;0
19;Пользователь Евфросиния Панова оплачивает заказ картой 3314 2466 3296 6572, оставляя телефон +7-932-861-63-39 и почту adam2012@example.com на сайте https://lk.company.ru/.;1;1;0;0;0;1;1;1;1;0;0
20;В ЗАГС поданы документы: свидетельство о браке 21-249302, паспорт 9713 684280, телефон +7-920-629-71-62, e-mail longin_2001@example.com.;0;0;1;0;0;0;1;1;0;1;0
21;Я, Панов Аким, предъявляю паспорт 2160 366397, проживаю по адресу: г. г. Кедровый, ИНН 002438734314, телефон +7-964-906-54-33, e-mail lukija_86@example.net.;1;1;1;1;0;0;1;1;0;0;0
22;В ЗАГС поданы документы: свидетельство о браке 87-713046, паспорт 4706 439617, телефон +7-994-958-54-72, e-mail kira96@example.com.;0;0;1;0;0;0;1;1;0;1;0
23;В договоре аренды указан кадастровый номер 36:34:575978:6500 и контакт арендатора Николаевна Глафира, телефон +7-976-710-37-30.;1;1;0;0;0;0;1;0;0;0;1
24;Я, Марфа Наумовна, предъявляю паспорт 6741 938271, проживаю по адресу: г. г. Токсово, ИНН 210597809024, телефон +7-910-729-88-14, e-mail agafonovaoksana@example.org.;1;1;1;1;0;0;1;1;0;0;0
25;Я, Анастасия Антоновна, предъявляю паспорт 4553 166891, проживаю по адресу: г. п. Москва, ИНН 203652458667, телефон +7-962-384-44-54, e-mail vadim_1977@example.com.;1;1;1;1;0;0;1;1;0;0;0
26;Я, Зосима Еремеевич, предъявляю паспорт 9860 294111, проживаю по адресу: г. ст. Талдом, ИНН 862157493017, телефон +7-957-354-84-22, e-mail radovan2020@example.com.;1;1;1;1;0;0;1;1;0;0;0
27;Для входа на портал https://www.university.com/ требуется указать e-mail evfrosinija1986@example.net и контактный телефон +7-940-194-74-42 пользователя Егорович Януарий.;1;1;0;0;0;0;1;1;1;0;0
28;В ЗАГС поданы документы: свидетельство о браке 60-365625, паспорт 5783 725912, телефон +7-936-688-12-52, e-mail danilovmark@example.org.;0;0;1;0;0;0;1;1;0;1;0
29;На сайте https://www.university.com/ пользователь Владленович Ростислав оставил номер карты 6016 0570 2127 6087 и подтвердил связь по телефону +7-947-792-41-97.;1;1;0;0;0;1;1;0;1;0;0
30;Пользователь Леон Новиков оплачивает заказ картой 7674 6735 5732 6153, оставляя телефон +7-978-957-80-72 и почту selivan2024@example.org на сайте https://service.university.org/.;1;1;0;0;0;1;1;1;1;0;0
31;Я, Никитина Глафира, предъявляю паспорт 4983 403109, проживаю по адресу: г. клх Волгоград, ИНН 124725041895, телефон +7-904-415-35-61, e-mail amos_1997@example.net.;1;1;1;1;0;0;1;1;0;0;0
32;Заявитель Кир Яковлевич, паспорт 6437 792421, ИНН 432342280457, СНИЛС 406-012-849 63, контактный телефон +7-929-644-83-62, электронная почта pavel09@example.net.;1;1;1;1;1;0;1;1;0;0;0
33;В акте о заключении брака указан номер свидетельства о браке 26-459075 на имя Громова Ксения, СНИЛС 070-492-097 00.;1;1;0;0;1;0;0;0;0;1;0
34;В анкете заказчика Владимиров Ян записаны ИНН 144229304888, СНИЛС 632-331-034 77, рабочий телефон +7-918-478-84-40 и электронная почта amoszhukov@example.net.;1;1;0;1;1;0;1;1;0;0;0
35;"На портале госуслуг подтверждён брак по свидетельству 13-147642; контактное лицо Ольга Кудряшова, ИНН 507986649928, СНИЛС 839-289-834 13.";1;1;0;1;1;0;0;0;0;1;0
36;Для входа на портал https://portal.university.com/ требуется указать e-mail zoja2016@example.net и контактный телефон +7-932-358-26-66 пользователя Сильвестр Терентьев.;1;1;0;0;0;0;1;1;1;0;0
37;Клиент Субботин Викентий сообщил паспорт 7871 888173, СНИЛС 536-823-091 02 и номер банковской карты 6324 1327 1828 2987 для безопасной оплаты.;1;1;1;0;1;1;0;0;0;0;0
38;В ЗАГС поданы документы: свидетельство о браке 35-764128, паспорт 9720 499638, телефон +7-994-499-19-82, e-mail smirnovizmail@example.net.;0;0;1;0;0;0;1;1;0;1;0
39;В ЗАГС поданы документы: свидетельство о браке 36-810015, паспорт 3988 233682, телефон +7-923-106-25-37, e-mail karpovaeleonora@example.net.;0;0;1;0;0;0;1;1;0;1;0
40;Я, Викентий Иосифович, предъявляю паспорт 8835 178579, проживаю по адресу: г. ст. Кущевская, ИНН 770093943354, телефон +7-919-315-39-10, e-mail komissarovanaina@example.org.;1;1;1;1;0;0;1;1;0;0;0
41;В анкете заказчика Антонина Борисовна записаны ИНН 065000067780, СНИЛС 934-073-856 53, рабочий телефон +7-942-138-69-78 и электронная почта moke1999@example.net.;1;1;0;1;1;0;1;1;0;0;0
42;Пользователь Демидович Порфирий оплачивает заказ картой 7885 6703 5292 8124, оставляя телефон +7-940-807-76-33 и почту paramonkalinin@example.org на сайте https://portal.university.ru/.;1;1;0;0;0;1;1;1;1;0;0
43;В анкете заказчика Таисия Андреевна записаны ИНН 988814846660, СНИЛС 967-059-700 67, рабочий телефон +7-988-890-18-68 и электронная почта nekrasovnaum@example.net.;1;1;0;1;1;0;1;1;0;0;0
44;Клиент Виктория Харитоновна сообщил паспорт 7214 379488, СНИЛС 703-591-537 27 и номер банковской карты 2163 1384 2052 1911 для безопасной оплаты.;1;1;1;0;1;1;0;0;0;0;0
45;"В выписке ЕГРН указан кадастровый номер объекта 39:93:409572:7887; владелец Иннокентий Федосеевич, паспорт 1211 202933.";1;1;1;0;0;0;0;0;0;0;1
46;Заявитель Большаков Иннокентий, паспорт 3367 151297, ИНН 367232651560, СНИЛС 553-235-116 92, контактный телефон +7-938-998-93-90, электронная почта bojan42@example.com.;1;1;1;1;1;0;1;1;0;0;0
47;На сайте https://secure.company.org/ пользователь Григорьевич Добромысл оставил номер карты 6223 7392 6966 1034 и подтвердил связь по телефону +7-972-638-43-93.;1;1;0;0;0;1;1;0;1;0;0
48;В личном деле сотрудника Архипова Акулина указаны документы: паспорт 6479 908227, ИНН 806115808583, СНИЛС 660-128-524 69, телефон +7-977-548-24-91, e-mail dobromisl_05@example.net.;1;1;1;1;1;0;1;1;0;0;0
49;Для входа на портал https://secure.university.org/ требуется указать e-mail gorde_72@example.org и контактный телефон +7-921-628-60-79 пользователя Валерия Данилова.;1;1;0;0;0;0;1;1;1;0;0
50;На сайте https://portal.company.com/ пользователь Фомич Христофор оставил номер карты 8228 8570 3662 5310 и подтвердил связь по телефону +7-933-734-29-31.;1;1;0;0;0;1;1;0;1;0;0
51;Я, Панова Анжела, предъявляю паспорт 4079 339696, проживаю по адресу: г. г. Чайковский, ИНН 830846771494, телефон +7-944-152-30-63, e-mail amos_2002@example.org.;1;1;1;1;0;0;1;1;0;0;0
52;В анкете заказчика Корнилова Валерия записаны ИНН 701151152991, СНИЛС 565-072-690 38, рабочий телефон +7-939-763-47-29 и электронная почта akirillova@example.com.;1;1;0;1;1;0;1;1;0;0;0
53;"В выписке ЕГРН указан кадастровый номер объекта 67:12:692187:9048; владелец Конон Гурьевич, паспорт 3960 416237.";1;1;1;0;0;0;0;0;0;0;1
54;На сайте https://secure.university.com/ пользователь Лучезар Ковалев оставил номер карты 1744 0469 6938 8694 и подтвердил связь по телефону +7-978-872-22-32.;1;1;0;0;0;1;1;0;1;0;0
55;В личном деле сотрудника Павлова Лора указаны документы: паспорт 1291 316362, ИНН 286873145007, СНИЛС 975-246-852 93, телефон +7-923-878-61-41, e-mail vissarion1996@example.org.;1;1;1;1;1;0;1;1;0;0;0
56;В договоре аренды указан кадастровый номер 51:08:653077:5632 и контакт арендатора Пелагея Жданова, телефон +7-903-423-84-11.;1;1;0;0;0;0;1;0;0;0;1
57;На сайте https://www.university.org/ пользователь Людмила Герасимова оставил номер карты 6010 4539 5092 0757 и подтвердил связь по телефону +7-999-992-85-68.;1;1;0;0;0;1;1;0;1;0;0
58;Клиент Агата Степановна сообщил паспорт 4607 937403, СНИЛС 048-473-147 84 и номер банковской карты 2647 0276 0570 8771 для безопасной оплаты.;1;1;1;0;1;1;0;0;0;0;0
59;Заявитель Якушева Наталья, паспорт 8667 678255, ИНН 748576773382, СНИЛС 945-557-052 99, контактный телефон +7-918-405-15-78, электронная почта mihalovaanzhelika@example.net.;1;1;1;1;1;0;1;1;0;0;0
60;В личном деле сотрудника Мирослав Игнатьевич указаны документы: паспорт 5118 611688, ИНН 190666576585, СНИЛС 289-099-833 92, телефон +7-910-361-23-21, e-mail andreevaolimpiada@example.com.;1;1;1;1;1;0;1;1;0;0;0
61;На сайте https://secure.university.com/ пользователь Тарасович Аполлон оставил номер карты 7286 5019 1222 3928 и подтвердил связь по телефону +7-914-696-62-57.;1;1;0;0;0;1;1;0;1;0;0
62;"На портале госуслуг подтверждён брак по свидетельству 44-522605; контактное лицо Харлампий Меркушев, ИНН 523394749433, СНИЛС 555-983-226 12.";1;1;0;1;1;0;0;0;0;1;0
63;В ЗАГС поданы документы: свидетельство о браке 52-976804, паспорт 4263 198714, телефон +7-988-770-15-26, e-mail vasili_1974@example.org.;0;0;1;0;0;0;1;1;0;1;0
64;Клиент Силина Акулина сообщил паспорт 1649 246447, СНИЛС 114-955-492 17 и номер банковской карты 9443 1710 6139 7173 для безопасной оплаты.;1;1;1;0;1;1;0;0;0;0;0
65;На сайте https://service.bank.ru/ пользователь Кузьминична Фаина оставил номер карты 5427 0253 0118 9666 и подтвердил связь по телефону +7-971-398-70-11.;1;1;0;0;0;1;1;0;1;0;0
66;Для входа на портал https://portal.service.com/ требуется указать e-mail milan19@example.com и контактный телефон +7-907-643-94-56 пользователя Казимир Пахомов.;1;1;0;0;0;0;1;1;1;0;0
67;В акте о заключении брака указан номер свидетельства о браке 91-166122 на имя Авксентий Жоресович, СНИЛС 639-816-429 64.;1;1;0;0;1;0;0;0;0;1;0
68;На сайте https://portal.university.ru/ пользователь Эмилия Блохина оставил номер карты 1001 3152 1756 8429 и подтвердил связь по телефону +7-999-147-75-42.;1;1;0;0;0;1;1;0;1;0;0
69;"В выписке ЕГРН указан кадастровый номер объекта 59:12:174180:9242; владелец Виктория Станиславовна, паспорт 8221 671127.";1;1;1;0;0;0;0;0;0;0;1
70;В анкете заказчика Лора Макаровна записаны ИНН 244913008762, СНИЛС 553-128-662 63, рабочий телефон +7-965-779-50-81 и электронная почта muhinaviktorija@example.net.;1;1;0;1;1;0;1;1;0;0;0
71;В анкете заказчика Натан Алексеевич записаны ИНН 767643331637, СНИЛС 653-327-045 30, рабочий телефон +7-902-962-56-73 и электронная почта ipat_21@example.com.;1;1;0;1;1;0;1;1;0;0;0
72;"В выписке ЕГРН указан кадастровый номер объекта 02:73:888425:7353; владелец Ефимова София, паспорт 2750 600444.";1;1;1;0;0;0;0;0;0;0;1
73;Я, Болеслав Арсенович, предъявляю паспорт 7640 839953, проживаю по адресу: г. клх Апшеронск, ИНН 876207580032, телефон +7-903-854-10-84, e-mail csuvorova@example.org.;1;1;1;1;0;0;1;1;0;0;0
74;В личном деле сотрудника Олимпиада Артемовна указаны документы: паспорт 5165 183455, ИНН 527074161893, СНИЛС 837-368-556 81, телефон +7-950-885-22-65, e-mail doroninaaleksandra@example.net.;1;1;1;1;1;0;1;1;0;0;0
75;В анкете заказчика Суворов Марк записаны ИНН 359648382590, СНИЛС 033-992-819 69, рабочий телефон +7-980-941-18-66 и электронная почта muhinflorentin@example.com.;1;1;0;1;1;0;1;1;0;0;0
76;"В выписке ЕГРН указан кадастровый номер объекта 19:09:548479:6791; владелец Кириллова Феврония, паспорт 2555 717319.";1;1;1;0;0;0;0;0;0;0;1
77;В договоре аренды указан кадастровый номер 71:47:532423:4634 и контакт арендатора Игоревич Харлампий, телефон +7-959-264-30-59.;1;1;0;0;0;0;1;0;0;0;1
78;В договоре аренды указан кадастровый номер 96:08:991155:4281 и контакт арендатора Доброслав Никонов, телефон +7-980-495-12-46.;1;1;0;0;0;0;1;0;0;0;1
79;В акте о заключении брака указан номер свидетельства о браке 94-331309 на имя Самойлова Антонина, СНИЛС 372-402-079 43.;1;1;0;0;1;0;0;0;0;1;0
80;"В выписке ЕГРН указан кадастровый номер объекта 77:56:648049:3447; владелец Иосиф Терентьевич, паспорт 8987 331203.";1;1;1;0;0;0;0;0;0;0;1
81;В договоре аренды указан кадастровый номер 81:48:223077:572 и контакт арендатора Акулина Ермакова, телефон +7-958-256-96-56.;1;1;0;0;0;0;1;0;0;0;1
82;В договоре аренды указан кадастровый номер 36:18:315217:9679 и контакт арендатора Гордей Красильников, телефон +7-964-185-72-74.;1;1;0;0;0;0;1;0;0;0;1
83;В ЗАГС поданы документы: свидетельство о браке 92-917521, паспорт 7712 292804, телефон +7-986-801-41-81, e-mail visheslav_58@example.net.;0;0;1;0;0;0;1;1;0;1;0
84;Для входа на портал https://service.service.com/ требуется указать e-mail sofija1980@example.net и контактный телефон +7-917-835-96-94 пользователя Демидович Ипат.;1;1;0;0;0;0;1;1;1;0;0
85;Клиент Алла Николаевна сообщил паспорт 1907 192429, СНИЛС 994-576-022 71 и номер банковской карты 7025 7192 3472 6469 для безопасной оплаты.;1;1;1;0;1;1;0;0;0;0;0
86;"На портале госуслуг подтверждён брак по свидетельству 58-415296; контактное лицо Федоровна Кира, ИНН 008766910219, СНИЛС 689-977-001 73.";1;1;0;1;1;0;0;0;0;1;0
87;"На портале госуслуг подтверждён брак по свидетельству 94-153743; контактное лицо Петровна Светлана, ИНН 859059623438, СНИЛС 530-570-034 78.";1;1;0;1;1;0;1;0;0;1;0
88;Заявитель Тихонов Никита, паспорт 7786 739675, ИНН 296770276226, СНИЛС 963-624-841 59, контактный телефон +7-950-117-20-14, электронная почта lsimonov@example.org.;1;1;1;1;1;0;1;1;0;0;0
89;Заявитель Рюрик Юльевич, паспорт 3796 730181, ИНН 963362853837, СНИЛС 532-804-047 37, контактный телефон +7-919-217-20-64, электронная почта denis_82@example.net.;1;1;1;1;1;0;1;1;0;0;0
90;На сайте https://lk.service.ru/ пользователь Станислав Кондратьев оставил номер карты 6696 9167 4980 2631 и подтвердил связь по телефону +7-951-223-64-92.;1;1;0;0;0;1;1;0;1;0;0
91;Заявитель Эмиль Димитриевич, паспорт 1026 979578, ИНН 849773579280, СНИЛС 970-466-144 09, контактный телефон +7-999-879-40-97, электронная почта medvedevdavid@example.com.;1;1;1;1;1;0;1;1;0;0;0
92;Я, Гедеон Эдуардович, предъявляю паспорт 9376 492697, проживаю по адресу: г. п. Бавлы, ИНН 262077162005, телефон +7-951-377-68-97, e-mail trofimovboris@example.com.;1;1;1;1;0;0;1;1;0;0;0
93;"На портале госуслуг подтверждён брак по свидетельству 12-559822; контактное лицо Димитриевич Никифор, ИНН 673367588918, СНИЛС 033-209-416 77.";1;1;0;1;1;0;0;0;0;1;0
94;В ЗАГС поданы документы: свидетельство о браке 21-863436, паспорт 4942 351307, телефон +7-921-119-95-91, e-mail turovaalla@example.com.;0;0;1;0;0;0;1;1;0;1;0
95;"В выписке ЕГРН указан кадастровый номер объекта 72:04:250400:8976; владелец Журавлева Ольга, паспорт 6411 635454.";1;1;1;0;0;0;0;0;0;0;1
96;Я, Агата Александровна, предъявляю паспорт 7700 634474, проживаю по адресу: г. г. Иркутск, ИНН 278864381593, телефон +7-997-484-45-52, e-mail jnikonova@example.net.;1;1;1;1;0;0;1;1;0;0;0
97;"На портале госуслуг подтверждён брак по свидетельству 42-655251; контактное лицо Соломон Соболев, ИНН 620579592855, СНИЛС 004-220-454 83.";1;1;0;1;1;0;0;0;0;1;0
98;В договоре аренды указан кадастровый номер 04:03:131242:1504 и контакт арендатора Адам Королев, телефон +7-905-617-34-57.;1;1;0;0;0;0;1;0;0;0;1
99;В ЗАГС поданы документы: свидетельство о браке 19-861818, паспорт 3948 139615, телефон +7-935-375-84-13, e-mail eleonora_01@example.net.;0;0;1;0;0;0;1;1;0;1;0
100;"На портале госуслуг подтверждён брак по свидетельству 22-996581; контактное лицо Васильевна Надежда, ИНН 804700494901, СНИЛС 995-484-326 92.";1;1;0;1;1;0;1;0;0;1;0
101;В анкете заказчика Комарова Евгения записаны ИНН 591110160499, СНИЛС 638-818-330 78, рабочий телефон +7-989-972-90-53 и электронная почта kkabanov@example.org.;1;1;0;1;1;0;1;1;0;0;0
102;Для входа на портал https://www.shop.org/ требуется указать e-mail fvlasov@example.net и контактный телефон +7-940-850-78-72 пользователя Юлия Кузьмина.;1;1;0;0;0;0;1;1;1;0;0
103;На сайте https://lk.bank.ru/ пользователь Лукия Бурова оставил номер карты 1108 8611 9091 5804 и подтвердил связь по телефону +7-969-405-92-32.;1;1;0;0;0;1;1;0;1;0;0
104;Клиент Акулина Яковлевна сообщил паспорт 2039 665046, СНИЛС 773-027-666 05 и номер банковской карты 5495 1138 7966 7734 для безопасной оплаты.;1;1;1;0;1;1;0;0;0;0;0
105;"В выписке ЕГРН указан кадастровый номер объекта 25:75:595619:7392; владелец Блохин Милан, паспорт 1488 988374.";1;1;1;0;0;0;0;0;0;0;1
106;В акте о заключении брака указан номер свидетельства о браке 26-321282 на имя Куликова Кира, СНИЛС 698-045-197 55.;1;1;0;0;1;0;0;0;0;1;0
107;Заявитель Николаева Раиса, паспорт 6990 969965, ИНН 704672767444, СНИЛС 789-068-622 57, контактный телефон +7-948-122-97-98, электронная почта sofrontimofeev@example.net.;1;1;1;1;1;0;1;1;0;0;0
108;В договоре аренды указан кадастровый номер 77:83:202079:3690 и контакт арендатора Феофанович Лонгин, телефон +7-935-177-12-48.;1;1;0;0;0;0;1;0;0;0;1
109;В ЗАГС поданы документы: свидетельство о браке 48-720742, паспорт 5867 648394, телефон +7-932-335-89-61, e-mail svetlana2012@example.org.;0;0;1;0;0;0;1;1;0;1;0
110;В анкете заказчика Антонина Феликсовна записаны ИНН 432170536126, СНИЛС 292-211-298 05, рабочий телефон +7-991-546-85-94 и электронная почта lebedevzinovi@example.org.;1;1;0;1;1;0;1;1;0;0;0
111;"В выписке ЕГРН указан кадастровый номер объекта 19:51:682213:2697; владелец Марк Валерьевич, паспорт 4875 382114.";1;1;1;0;0;0;0;0;0;0;1
112;"В выписке ЕГРН указан кадастровый номер объекта 11:34:192948:9053; владелец Ольга Рубеновна, паспорт 3197 624265.";1;1;1;0;0;0;0;0;0;0;1
113;В договоре аренды указан кадастровый номер 13:78:437270:6511 и контакт арендатора Милен Кузнецов, телефон +7-935-909-68-68.;1;1;0;0;0;0;1;0;0;0;1
114;Клиент Юрий Арсеньевич сообщил паспорт 7069 604276, СНИЛС 154-237-001 93 и номер банковской карты 7578 9374 5594 3160 для безопасной оплаты.;1;1;1;0;1;1;0;0;0;0;0
115;В акте о заключении брака указан номер свидетельства о браке 44-902182 на имя Карпова Прасковья, СНИЛС 287-394-211 40.;1;1;0;0;1;0;0;0;0;1;0
116;Для входа на портал https://portal.company.org/ требуется указать e-mail baranovmina@example.net и контактный телефон +7-999-915-93-72 пользователя Вениаминовна Нонна.;1;1;0;0;0;0;1;1;1;0;0
117;В личном деле сотрудника Харитонова Лора указаны документы: паспорт 8423 966714, ИНН 805012421310, СНИЛС 706-618-684 69, телефон +7-933-942-22-19, e-mail krasilnikovamilitsa@example.net.;1;1;1;1;1;0;1;1;0;0;0
118;Для входа на портал https://lk.bank.com/ требуется указать e-mail koshelevasofija@example.org и контактный телефон +7-941-524-76-49 пользователя Поликарп Моисеев.;1;1;0;0;0;0;1;1;1;0;0
119;В личном деле сотрудника Михайлов Эдуард указаны документы: паспорт 8578 417882, ИНН 204009666719, СНИЛС 724-283-478 24, телефон +7-900-173-48-44, e-mail afinogen_36@example.net.;1;1;1;1;1;0;1;1;0;0;0
120;В ЗАГС поданы документы: свидетельство о браке 43-417423, паспорт 5364 111050, телефон +7-900-939-27-27, e-mail tit18@example.net.;0;0;1;0;0;0;1;1;0;1;0
121;В ЗАГС поданы документы: свидетельство о браке 05-819960, паспорт 7978 722093, телефон +7-902-254-48-18, e-mail jpoljakova@example.net.;0;0;1;0;0;0;1;1;0;1;0
122;Я, Савельев Измаил, предъявляю паспорт 1206 560014, проживаю по адресу: г. д. Плесецк, ИНН 061035137338, телефон +7-913-784-47-37, e-mail emeljanovaverki@example.org.;1;1;1;1;0;0;1;1;0;0;0
123;В ЗАГС поданы документы: свидетельство о браке 42-244440, паспорт 2058 705292, телефон +7-994-478-88-85, e-mail juri64@example.org.;0;0;1;0;0;0;1;1;0;1;0
124;Клиент Кир Валерьянович сообщил паспорт 9583 999981, СНИЛС 013-330-343 12 и номер банковской карты 2769 9747 0084 6499 для безопасной оплаты.;1;1;1;0;1;1;0;0;0;0;0
125;В анкете заказчика Соболев Макар записаны ИНН 464949324208, СНИЛС 431-529-944 76, рабочий телефон +7-994-904-41-53 и электронная почта erofe2024@example.org.;1;1;0;1;1;0;1;1;0;0;0
126;Я, Ситников Кир, предъявляю паспорт 6997 811255, проживаю по адресу: г. ст. Теберда, ИНН 002828429722, телефон +7-988-117-93-37, e-mail ernst_25@example.com.;1;1;1;1;0;0;1;1;0;0;0
127;"На портале госуслуг подтверждён брак по свидетельству 23-873621; контактное лицо Феврония Федорова, ИНН 739853241268, СНИЛС 593-361-227 92.";1;1;0;1;1;0;0;0;0;1;0
128;На сайте https://lk.shop.org/ пользователь Леон Самойлов оставил номер карты 6172 8281 8262 4812 и подтвердил связь по телефону +7-942-902-94-51.;1;1;0;0;0;1;1;0;1;0;0
129;В акте о заключении брака указан номер свидетельства о браке 07-289045 на имя Стрелков Венедикт, СНИЛС 835-538-079 05.;1;1;0;0;1;0;0;0;0;1;0
130;На сайте https://lk.shop.org/ пользователь Пимен Авдеев оставил номер карты 5068 4148 7122 1065 и подтвердил связь по телефону +7-939-191-63-93.;1;1;0;0;0;1;1;0;1;0;0
131;На сайте https://portal.bank.org/ пользователь Алина Костина оставил номер карты 9370 5499 5420 3651 и подтвердил связь по телефону +7-910-377-45-18.;1;1;0;0;0;1;1;0;1;0;0
132;Клиент Фёкла Леонидовна сообщил паспорт 6402 399128, СНИЛС 226-931-312 78 и номер банковской карты 7105 4664 2350 8658 для безопасной оплаты.;1;1;1;0;1;1;0;0;0;0;0
133;В договоре аренды указан кадастровый номер 62:76:685889:5560 и контакт арендатора Богдановна Синклитикия, телефон +7-964-929-52-33.;1;1;0;0;0;0;1;0;0;0;1
134;В ЗАГС поданы документы: свидетельство о браке 32-715150, паспорт 4060 573617, телефон +7-908-923-94-85, e-mail akulina_25@example.com.;0;0;1;0;0;0;1;1;0;1;0
135;На сайте https://secure.university.com/ пользователь Евпраксия Горбунова оставил номер карты 7142 3673 7187 8025 и подтвердил связь по телефону +7-981-726-67-34.;1;1;0;0;0;1;1;0;1;0;0
136;В анкете заказчика Варвара Семеновна записаны ИНН 427374834674, СНИЛС 617-395-862 86, рабочий телефон +7-956-222-94-87 и электронная почта apollon01@example.net.;1;1;0;1;1;0;1;1;0;0;0
137;"На портале госуслуг подтверждён брак по свидетельству 72-454758; контактное лицо Эдуард Зыков, ИНН 657542154621, СНИЛС 713-872-396 27.";1;1;0;1;1;0;0;0;0;1;0
138;"В выписке ЕГРН указан кадастровый номер объекта 01:49:559268:3862; владелец Марков Аникей, паспорт 1309 418771.";1;1;1;0;0;0;0;0;0;0;1
139;На сайте https://portal.bank.ru/ пользователь Ефремович Амос оставил номер карты 5950 8337 9814 9539 и подтвердил связь по телефону +7-970-242-12-28.;1;1;0;0;0;1;1;0;1;0;0
140;В анкете заказчика Евфросиния Рубеновна записаны ИНН 075130745154, СНИЛС 432-787-009 08, рабочий телефон +7-954-586-50-17 и электронная почта rgavrilov@example.net.;1;1;0;1;1;0;1;1;0;0;0
141;Клиент Самсонов Варфоломей сообщил паспорт 2750 141179, СНИЛС 904-695-506 78 и номер банковской карты 1884 2981 6074 2925 для безопасной оплаты.;1;1;1;0;1;1;0;0;0;0;0
142;В ЗАГС поданы документы: свидетельство о браке 56-838910, паспорт 3760 967429, телефон +7-968-601-63-71, e-mail avksenti30@example.net.;0;0;1;0;0;0;1;1;0;1;0
143;"В выписке ЕГРН указан кадастровый номер объекта 44:43:281213:7731; владелец Блохина Зоя, паспорт 5799 113738.";1;1;1;0;0;0;0;0;0;0;1
144;Я, Ипат Дорофеевич, предъявляю паспорт 5927 819493, проживаю по адресу: г. д. Краснокамск, ИНН 071499383750, телефон +7-965-213-47-86, e-mail belovmitofan@example.com.;1;1;1;1;0;0;1;1;0;0;0
145;В ЗАГС поданы документы: свидетельство о браке 67-145723, паспорт 6785 296330, телефон +7-976-181-86-53, e-mail anisimovborislav@example.com.;0;0;1;0;0;0;1;1;0;1;0
146;Я, Варвара Матвеевна, предъявляю паспорт 2162 850096, проживаю по адресу: г. п. Онега, ИНН 664800411714, телефон +7-944-818-75-49, e-mail danilovdemjan@example.org.;1;1;1;1;0;0;1;1;0;0;0
147;В акте о заключении брака указан номер свидетельства о браке 86-825763 на имя Яковлева Глафира, СНИЛС 504-204-817 66.;1;1;0;0;1;0;0;0;0;1;0
148;Для входа на портал https://service.bank.org/ требуется указать e-mail gleb2016@example.com и контактный телефон +7-926-955-31-24 пользователя Тимурович Фадей.;1;1;0;0;0;0;1;1;1;0;0
149;"На портале госуслуг подтверждён брак по свидетельству 02-497504; контактное лицо Фёдорович Адриан, ИНН 792079164360, СНИЛС 868-478-685 97.";1;1;0;1;1;0;0;0;0;1;0
150;В договоре аренды указан кадастровый номер 79:39:489086:7707 и контакт арендатора Фокич Дементий, телефон +7-971-442-90-77.;1;1;0;0;0;0;1;0;0;0;1
151;В ЗАГС поданы документы: свидетельство о браке 94-977276, паспорт 8737 907450, телефон +7-967-408-84-92, e-mail izjaslav50@example.org.;0;0;1;0;0;0;1;1;0;1;0
152;В личном деле сотрудника Фомина Лукия указаны документы: паспорт 4208 551179, ИНН 987435252180, СНИЛС 234-736-977 75, телефон +7-935-694-13-64, e-mail nikandr_08@example.com.;1;1;1;1;1;0;1;1;0;0;0
153;В ЗАГС поданы документы: свидетельство о браке 25-254926, паспорт 9114 933717, телефон +7-942-860-58-50, e-mail evpraksija95@example.org.;0;0;1;0;0;0;1;1;0;1;0
154;Заявитель Яков Ааронович, паспорт 5674 154425, ИНН 674124692302, СНИЛС 385-322-807 32, контактный телефон +7-943-436-19-29, электронная почта agafja1970@example.com.;1;1;1;1;1;0;1;1;0;0;0
155;В договоре аренды указан кадастровый номер 27:83:221801:2044 и контакт арендатора Тарасовна Мария, телефон +7-901-671-85-11.;1;1;0;0;0;0;1;0;0;0;1
156;Для входа на портал https://lk.university.ru/ требуется указать e-mail sofija_1979@example.com и контактный телефон +7-906-142-58-55 пользователя Семеновна Марина.;1;1;0;0;0;0;1;1;1;0;0
157;На сайте https://www.university.ru/ пользователь Тарасовна Вероника оставил номер карты 1624 8802 5811 0286 и подтвердил связь по телефону +7-906-573-73-22.;1;1;0;0;0;1;1;0;1;0;0
158;Заявитель Красильников Аверкий, паспорт 9652 207216, ИНН 844684499451, СНИЛС 735-165-902 01, контактный телефон +7-923-552-54-36, электронная почта kolobovagge@example.org.;1;1;1;1;1;0;1;1;0;0;0
159;В акте о заключении брака указан номер свидетельства о браке 96-988002 на имя Кулакова Эмилия, СНИЛС 483-936-765 68.;1;1;0;0;1;0;0;0;0;1;0
160;Для входа на портал https://service.service.com/ требуется указать e-mail panfil62@example.com и контактный телефон +7-952-643-54-14 пользователя Болеславовна Евфросиния.;1;1;0;0;0;0;1;1;1;0;0
161;Я, Богдан Даниилович, предъявляю паспорт 3649 642254, проживаю по адресу: г. п. Междуреченский, ИНН 874094232603, телефон +7-954-149-80-42, e-mail elizarmamontov@example.org.;1;1;1;1;0;0;1;1;0;0;0
162;Для входа на портал https://secure.shop.com/ требуется указать e-mail vseslav68@example.net и контактный телефон +7-947-183-48-21 пользователя Якубович Лазарь.;1;1;0;0;0;0;1;1;1;0;0
163;В ЗАГС поданы документы: свидетельство о браке 33-360586, паспорт 3690 354608, телефон +7-952-528-34-49, e-mail bikovnikita@example.net.;0;0;1;0;0;0;1;1;0;1;0
164;Для входа на портал https://lk.shop.com/ требуется указать e-mail evseevasvetlana@example.net и контактный телефон +7-972-942-16-36 пользователя Аскольд Калинин.;1;1;0;0;0;0;1;1;1;0;0
165;В анкете заказчика Зоя Владимировна записаны ИНН 504865701760, СНИЛС 575-809-055 76, рабочий телефон +7-918-691-93-23 и электронная почта hvorobev@example.net.;1;1;0;1;1;0;1;1;0;0;0
166;В ЗАГС поданы документы: свидетельство о браке 99-396466, паспорт 4944 280022, телефон +7-927-106-71-83, e-mail firs_17@example.org.;0;0;1;0;0;0;1;1;0;1;0
167;В личном деле сотрудника Зиновьев Карп указаны документы: паспорт 9277 904561, ИНН 320660261918, СНИЛС 806-459-858 26, телефон +7-938-783-26-34, e-mail lebedevairaida@example.com.;1;1;1;1;1;0;1;1;0;0;0
168;"На портале госуслуг подтверждён брак по свидетельству 83-403524; контактное лицо Робертовна Пелагея, ИНН 540516645195, СНИЛС 148-943-474 93.";1;1;0;1;1;0;0;0;0;1;0
169;В анкете заказчика Воронова Нонна записаны ИНН 379967796427, СНИЛС 294-358-031 31, рабочий телефон +7-998-148-13-74 и электронная почта anatoli_99@example.org.;1;1;0;1;1;0;1;1;0;0;0
170;Я, Трифон Филатович, предъявляю паспорт 6553 422547, проживаю по адресу: г. с. Апатиты, ИНН 540953157090, телефон +7-956-389-40-25, e-mail prohorovharlampi@example.com.;1;1;1;1;0;0;1;1;0;0;0
171;В анкете заказчика Моисеева Галина записаны ИНН 455007800686, СНИЛС 668-773-428 60, рабочий телефон +7-996-251-76-20 и электронная почта orlovdavid@example.net.;1;1;0;1;1;0;1;1;0;0;0
172;"В выписке ЕГРН указан кадастровый номер объекта 35:47:682600:4489; владелец Горбунова Елизавета, паспорт 4772 988930.";1;1;1;0;0;0;0;0;0;0;1
173;"На портале госуслуг подтверждён брак по свидетельству 56-135403; контактное лицо Артемьевич Сергей, ИНН 187152230152, СНИЛС 644-511-169 34.";1;1;0;1;1;0;1;0;0;1;0
174;В анкете заказчика Савин Куприян записаны ИНН 411575399265, СНИЛС 320-999-416 20, рабочий телефон +7-981-682-40-60 и электронная почта aleksandr59@example.com.;1;1;0;1;1;0;1;1;0;0;0
175;На сайте https://portal.university.org/ пользователь Измаилович Феликс оставил номер карты 1244 2193 9697 1798 и подтвердил связь по телефону +7-924-254-61-88.;1;1;0;0;0;1;1;0;1;0;0
176;Заявитель Игнатьев Лонгин, паспорт 1495 731486, ИНН 871906791060, СНИЛС 402-888-245 18, контактный телефон +7-994-483-52-61, электронная почта ruslanignatov@example.com.;1;1;1;1;1;0;1;1;0;0;0
177;В акте о заключении брака указан номер свидетельства о браке 48-129600 на имя Алина Владиславовна, СНИЛС 503-366-058 10.;1;1;0;0;1;0;0;0;0;1;0
178;В анкете заказчика Милован Архипович записаны ИНН 414338519693, СНИЛС 567-198-273 52, рабочий телефон +7-928-111-42-55 и электронная почта cdavidov@example.net.;1;1;0;1;1;0;1;1;0;0;0
179;Я, Самсонова Анна, предъявляю паспорт 9762 789268, проживаю по адресу: г. с. Поронайск, ИНН 203572679176, телефон +7-983-585-46-80, e-mail svetlana56@example.net.;1;1;1;1;0;0;1;1;0;0;0
180;В ЗАГС поданы документы: свидетельство о браке 28-997923, паспорт 9767 628110, телефон +7-940-847-87-50, e-mail hmiheeva@example.com.;0;0;1;0;0;0;1;1;0;1;0
181;Клиент Наталья Константиновна сообщил паспорт 4481 700941, СНИЛС 850-266-921 38 и номер банковской карты 0505 5653 4447 2156 для безопасной оплаты.;1;1;1;0;1;1;0;0;0;0;0
182;Пользователь Никон Зайцев оплачивает заказ картой 4597 0561 5722 8431, оставляя телефон +7-983-795-88-60 и почту timofeevkondrati@example.org на сайте https://lk.university.org/.;1;1;0;0;0;1;1;1;1;0;0
183;В акте о заключении брака указан номер свидетельства о браке 78-890490 на имя Фомина Василиса, СНИЛС 520-055-590 49.;1;1;0;0;1;0;0;0;0;1;0
184;В акте о заключении брака указан номер свидетельства о браке 30-943557 на имя Николаева Зоя, СНИЛС 106-193-649 03.;1;1;0;0;1;0;0;0;0;1;0
185;Я, Хохлова Октябрина, предъявляю паспорт 1724 860358, проживаю по адресу: г. ст. Чусовой, ИНН 861088647112, телефон +7-929-236-20-98, e-mail okosheleva@example.net.;1;1;1;1;0;0;1;1;0;0;0
186;"На портале госуслуг подтверждён брак по свидетельству 65-543556; контактное лицо Аверьянович Виссарион, ИНН 358310445911, СНИЛС 035-497-480 76.";1;1;0;1;1;0;0;0;0;1;0
187;"На портале госуслуг подтверждён брак по свидетельству 76-678242; контактное лицо Пантелеймон Селезнев, ИНН 684630241915, СНИЛС 449-590-824 30.";1;1;0;1;1;0;1;0;0;1;0
188;Клиент Носков Евгений сообщил паспорт 5691 822640, СНИЛС 007-500-100 15 и номер банковской карты 7112 2700 1497 1000 для безопасной оплаты.;1;1;1;0;1;1;0;0;0;0;0
189;Я, Денисова Нина, предъявляю паспорт 9837 128348, проживаю по адресу: г. г. Нязепетровск, ИНН 520363196995, телефон +7-998-801-38-94, e-mail orehovaagata@example.org.;1;1;1;1;0;0;1;1;0;0;0
190;Я, Тарасов Исидор, предъявляю паспорт 5752 855951, проживаю по адресу: г. г. Шаховская, ИНН 316340113664, телефон +7-975-206-46-21, e-mail nazarovfilipp@example.net.;1;1;1;1;0;0;1;1;0;0;0
191;Пользователь Эдгарович Емельян оплачивает заказ картой 1602 1221 5285 1088, оставляя телефон +7-992-790-90-59 и почту tlobanova@example.org на сайте https://www.company.com/.;1;1;0;0;0;1;1;1;1;0;0
192;Для входа на портал https://secure.bank.ru/ требуется указать e-mail ljubov91@example.net и контактный телефон +7-924-279-84-23 пользователя Герасимович Фома.;1;1;0;0;0;0;1;1;1;0;0
193;В анкете заказчика Аполлинарий Игоревич записаны ИНН 572102574249, СНИЛС 139-404-232 40, рабочий телефон +7-963-544-10-75 и электронная почта umakarova@example.org.;1;1;0;1;1;0;1;1;0;0;0
194;Заявитель Моисеева Раиса, паспорт 6917 256459, ИНН 291350794037, СНИЛС 441-495-022 71, контактный телефон +7-952-317-25-28, электронная почта pahomovandron@example.org.;1;1;1;1;1;0;1;1;0;0;0
195;На сайте https://www.university.org/ пользователь Матвеевич Сила оставил номер карты 4371 2639 3849 1321 и подтвердил связь по телефону +7-928-603-89-87.;1;1;0;0;0;1;1;0;1;0;0
196;"На портале госуслуг подтверждён брак по свидетельству 21-461538; контактное лицо Зинаида Муравьева, ИНН 446929280537, СНИЛС 547-965-146 65.";1;1;0;1;1;0;0;0;0;1;0
197;Пользователь Владленович Андроник оплачивает заказ картой 8702 6162 4420 1706, оставляя телефон +7-900-284-53-22 и почту irina79@example.com на сайте https://portal.service.ru/.;1;1;0;0;0;1;1;1;1;0;0
198;Клиент Новиков Мариан сообщил паспорт 3433 874397, СНИЛС 191-825-692 50 и номер банковской карты 1916 9174 9742 3133 для безопасной оплаты.;1;1;1;0;1;1;0;0;0;0;0
199;Пользователь Вышеслав Соболев оплачивает заказ картой 9876 7381 4220 0773, оставляя телефон +7-906-858-81-61 и почту avksentiterentev@example.org на сайте https://www.bank.com/.;1;1;0;0;0;1;1;1;1;0;0
200;В акте о заключении брака указан номер свидетельства о браке 59-305204 на имя Муравьева Агафья, СНИЛС 921-398-218 81.;1;1;0;0;1;0;0;0;0;1;0
201;В акте о заключении брака указан номер свидетельства о браке 15-651979 на имя Каллистрат Власович, СНИЛС 062-637-256 49.;1;1;0;0;1;0;0;0;0;1;0
202;В акте о заключении брака указан номер свидетельства о браке 05-451650 на имя Соловьева Дарья, СНИЛС 501-295-569 95.;1;1;0;0;1;0;0;0;0;1;0
203;В ЗАГС поданы документы: свидетельство о браке 50-260802, паспорт 7845 885684, телефон +7-964-233-78-74, e-mail petuhovanina@example.net.;0;0;1;0;0;0;1;1;0;1;0
204;Клиент Лебедев Мина сообщил паспорт 5989 951887, СНИЛС 910-692-723 53 и номер банковской карты 5897 6778 4231 2494 для безопасной оплаты.;1;1;1;0;1;1;0;0;0;0;0
205;"На портале госуслуг подтверждён брак по свидетельству 59-564131; контактное лицо Яков Мишин, ИНН 772015242963, СНИЛС 446-728-907 53.";1;1;0;1;1;0;0;0;0;1;0
206;Для входа на портал https://secure.service.org/ требуется указать e-mail luchezarmatveev@example.net и контактный телефон +7-918-677-13-97 пользователя Дмитриевич Адриан.;1;1;0;0;0;0;1;1;1;0;0
207;"В выписке ЕГРН указан кадастровый номер объекта 67:98:779815:9658; владелец Архипов Василий, паспорт 2952 299752.";1;1;1;0;0;0;0;0;0;0;1
208;"На портале госуслуг подтверждён брак по свидетельству 34-663664; контактное лицо Чернова тов., ИНН 442162250045, СНИЛС 725-033-535 90.";0;0;0;1;1;0;0;0;0;1;0
209;Для входа на портал https://service.university.org/ требуется указать e-mail stojankovalev@example.org и контактный телефон +7-987-170-19-80 пользователя Кузьминична Любовь.;1;1;0;0;0;0;1;1;1;0;0
210;"В выписке ЕГРН указан кадастровый номер объекта 87:53:510926:6900; владелец Одинцов Вениамин, паспорт 9019 361681.";1;1;1;0;0;0;0;0;0;0;1
211;Я, Онуфрий Ильясович, предъявляю паспорт 2274 555008, проживаю по адресу: г. к. Великий Устюг, ИНН 857726920070, телефон +7-987-310-86-44, e-mail zgorshkov@example.com.;1;1;1;1;0;0;1;1;0;0;0
212;"На портале госуслуг подтверждён брак по свидетельству 10-214868; контактное лицо Фадеевич Каллистрат, ИНН 359657719260, СНИЛС 728-329-655 86.";1;1;0;1;1;0;0;0;0;1;0
213;Я, Мясников Дорофей, предъявляю паспорт 6267 733605, проживаю по адресу: г. ст. Сковородино, ИНН 008580738635, телефон +7-930-686-54-88, e-mail smirnovgostomisl@example.net.;1;1;1;1;0;0;1;1;0;0;0
214;"В выписке ЕГРН указан кадастровый номер объекта 43:71:541660:53; владелец Агафья Степановна, паспорт 1510 963366.";1;1;1;0;0;0;0;0;0;0;1
215;"На портале госуслуг подтверждён брак по свидетельству 99-259232; контактное лицо Теймуразович Изот, ИНН 745070281270, СНИЛС 620-974-921 11.";1;1;0;1;1;0;0;0;0;1;0
216;Для входа на портал https://secure.shop.com/ требуется указать e-mail sorokinrodion@example.net и контактный телефон +7-953-228-57-95 пользователя Авдеевич Борислав.;1;1;0;0;0;0;1;1;1;0;0
217;На сайте https://lk.shop.com/ пользователь Синклитикия Бобылева оставил номер карты 1513 7372 0041 6089 и подтвердил связь по телефону +7-915-905-33-56.;1;1;0;0;0;1;1;0;1;0;0
218;Клиент Ларионов Ираклий сообщил паспорт 7588 147155, СНИЛС 202-968-932 95 и номер банковской карты 5475 0718 2760 4240 для безопасной оплаты.;1;1;1;0;1;1;0;0;0;0;0
219;На сайте https://lk.shop.com/ пользователь Кир Тихонов оставил номер карты 9078 5698 7060 5913 и подтвердил связь по телефону +7-900-862-74-72.;1;1;0;0;0;1;1;0;1;0;0
220;В акте о заключении брака указан номер свидетельства о браке 94-222709 на имя Мухина Варвара, СНИЛС 533-793-254 64.;1;1;0;0;1;0;0;0;0;1;0
221;Пользователь Терентьевич Дорофей оплачивает заказ картой 9756 5259 0450 9905, оставляя телефон +7-995-197-52-84 и почту sevastjan_75@example.org на сайте https://lk.university.ru/.;1;1;0;0;0;1;1;1;1;0;0
222;Я, Яковлева Анжелика, предъявляю паспорт 2847 176662, проживаю по адресу: г. п. Можайск, ИНН 497918021206, телефон +7-958-429-50-23, e-mail jrusakova@example.org.;1;1;1;1;0;0;1;1;0;0;0
223;"В выписке ЕГРН указан кадастровый номер объекта 51:46:237698:6128; владелец Терентий Арсеньевич, паспорт 4391 373420.";1;1;1;0;0;0;0;0;0;0;1
224;Заявитель Екатерина Аркадьевна, паспорт 6730 135643, ИНН 745724215553, СНИЛС 722-962-772 75, контактный телефон +7-995-926-81-46, электронная почта georgi2008@example.org.;1;1;1;1;1;0;1;1;0;0;0
225;Клиент Адам Якубович сообщил паспорт 6819 976408, СНИЛС 232-730-116 30 и номер банковской карты 5008 5388 4490 6458 для безопасной оплаты.;1;1;1;0;1;1;0;0;0;0;0
226;В договоре аренды указан кадастровый номер 33:46:633611:7913 и контакт арендатора Жанович Виктор, телефон +7-958-563-84-22.;1;1;0;0;0;0;1;0;0;0;1
227;"В выписке ЕГРН указан кадастровый номер объекта 35:34:805056:6397; владелец Юдин Леон, паспорт 7494 233978.";1;1;1;0;0;0;0;0;0;0;1
228;Заявитель Анжела Борисовна, паспорт 6043 574745, ИНН 211008771026, СНИЛС 137-391-610 56, контактный телефон +7-950-655-54-35, электронная почта kabanovaleksandr@example.net.;1;1;1;1;1;0;1;1;0;0;0
229;В акте о заключении брака указан номер свидетельства о браке 87-320129 на имя Дементьев Адриан, СНИЛС 853-258-766 40.;1;1;0;0;1;0;0;0;0;1;0
230;Заявитель Акулина Харитоновна, паспорт 4480 207978, ИНН 542206659642, СНИЛС 359-821-158 57, контактный телефон +7-949-519-50-61, электронная почта harlampi89@example.com.;1;1;1;1;1;0;1;1;0;0;0
231;Я, Евпраксия Феликсовна, предъявляю паспорт 5661 737476, проживаю по адресу: г. д. Троицк (Челяб.), ИНН 253732420698, телефон +7-988-828-88-95, e-mail foti_20@example.org.;1;1;1;1;0;0;1;1;0;0;0
232;"В выписке ЕГРН указан кадастровый номер объекта 89:95:152066:9966; владелец Мясникова Жанна, паспорт 5820 833766.";1;1;1;0;0;0;0;0;0;0;1
233;Для входа на портал https://lk.company.com/ требуется указать e-mail strelkovfortunat@example.com и контактный телефон +7-922-774-67-76 пользователя Феодосьевич Милий.;1;1;0;0;0;0;1;1;1;0;0
234;Для входа на портал https://portal.bank.com/ требуется указать e-mail adam87@example.org и контактный телефон +7-979-602-43-32 пользователя Мина Логинов.;1;1;0;0;0;0;1;1;1;0;0
235;В договоре аренды указан кадастровый номер 60:18:562176:6285 и контакт арендатора Ангелина Беляева, телефон +7-958-635-24-75.;1;1;0;0;0;0;1;0;0;0;1
236;В договоре аренды указан кадастровый номер 32:28:523747:4589 и контакт арендатора Кузьминична Агафья, телефон +7-938-529-60-97.;1;1;0;0;0;0;1;0;0;0;1
237;Для входа на портал https://secure.bank.org/ требуется указать e-mail sazonovavalentina@example.org и контактный телефон +7-984-879-98-24 пользователя Афанасий Воронов.;1;1;0;0;0;0;1;1;1;0;0
238;Клиент Ситников Андрон сообщил паспорт 7662 960970, СНИЛС 812-363-209 02 и номер банковской карты 9074 8702 2253 8575 для безопасной оплаты.;1;1;1;0;1;1;0;0;0;0;0
239;В ЗАГС поданы документы: свидетельство о браке 04-818648, паспорт 5116 809071, телефон +7-975-830-13-90, e-mail evlampi_57@example.net.;0;0;1;0;0;0;1;1;0;1;0
240;На сайте https://service.university.com/ пользователь Ильясович Флорентин оставил номер карты 7908 9735 7348 1147 и подтвердил связь по телефону +7-924-974-89-94.;1;1;0;0;0;1;1;0;1;0;0
241;"В выписке ЕГРН указан кадастровый номер объекта 40:83:733271:583; владелец Аполлинарий Витальевич, паспорт 9870 119883.";1;1;1;0;0;0;0;0;0;0;1
242;В договоре аренды указан кадастровый номер 88:24:339720:8263 и контакт арендатора Вилорович Спиридон, телефон +7-927-859-91-78.;1;1;0;0;0;0;1;0;0;0;1
243;Клиент г-н Колобов сообщил паспорт 7635 365330, СНИЛС 809-351-160 97 и номер банковской карты 7335 0298 6099 2951 для безопасной оплаты.;0;0;1;0;1;1;0;0;0;0;0
244;"В выписке ЕГРН указан кадастровый номер объекта 27:80:424252:7215; владелец Осипова Дарья, паспорт 6495 554664.";1;1;1;0;0;0;0;0;0;0;1
245;В ЗАГС поданы документы: свидетельство о браке 02-980979, паспорт 1241 743040, телефон +7-948-508-97-36, e-mail azari26@example.org.;0;0;1;0;0;0;1;1;0;1;0
246;В анкете заказчика Алла Максимовна записаны ИНН 783073093341, СНИЛС 868-387-273 82, рабочий телефон +7-964-259-85-50 и электронная почта zhuravlevpolikarp@example.com.;1;1;0;1;1;0;1;1;0;0;0
247;Для входа на портал https://portal.shop.ru/ требуется указать e-mail nesterovegor@example.com и контактный телефон +7-941-445-49-58 пользователя Светлана Королева.;1;1;0;0;0;0;1;1;1;0;0
248;"В выписке ЕГРН указан кадастровый номер объекта 68:47:723014:2246; владелец Роман Трифонович, паспорт 2379 484369.";1;1;1;0;0;0;0;0;0;0;1
249;Для входа на портал https://secure.shop.ru/ требуется указать e-mail miroslav_50@example.org и контактный телефон +7-917-617-56-66 пользователя Акулина Брагина.;1;1;0;0;0;0;1;1;1;0;0
250;В анкете заказчика Дорофеев Корнил записаны ИНН 991414139681, СНИЛС 525-776-683 36, рабочий телефон +7-982-854-88-85 и электронная почта mkosheleva@example.net.;1;1;0;1;1;0;1;1;0;0;0
251;Я, Марфа Оскаровна, предъявляю паспорт 2217 355180, проживаю по адресу: г. клх Октябрьское (Хант.), ИНН 556409527175, телефон +7-987-170-18-73, e-mail mili2003@example.com.;1;1;1;1;0;0;1;1;0;0;0
252;На сайте https://portal.company.ru/ пользователь Дорофеевич Автоном оставил номер карты 2579 8660 9546 5252 и подтвердил связь по телефону +7-908-382-85-15.;1;1;0;0;0;1;1;0;1;0;0
253;Я, Ирина Семеновна, предъявляю паспорт 4004 811234, проживаю по адресу: г. клх Южноуральск, ИНН 519177197642, телефон +7-961-528-49-46, e-mail qmakarov@example.com.;1;1;1;1;0;0;1;1;0;0;0
254;В личном деле сотрудника Вячеслав Викентьевич указаны документы: паспорт 6504 578523, ИНН 017303711089, СНИЛС 814-789-300 12, телефон +7-954-825-36-41, e-mail vvladimirova@example.com.;1;1;1;1;1;0;1;1;0;0;0
255;В акте о заключении брака указан номер свидетельства о браке 71-200866 на имя Виссарион Даниилович, СНИЛС 496-336-837 18.;1;1;0;0;1;0;0;0;0;1;0
256;В акте о заключении брака указан номер свидетельства о браке 91-268086 на имя Зуев Евстафий, СНИЛС 679-995-046 65.;1;1;0;0;1;0;0;0;0;1;0
257;Для входа на портал https://lk.bank.ru/ требуется указать e-mail venediktkomarov@example.com и контактный телефон +7-971-182-21-77 пользователя Георгиевна Светлана.;1;1;0;0;0;0;1;1;1;0;0
258;Пользователь Аверьянович Сила оплачивает заказ картой 9256 0926 5635 1992, оставляя телефон +7-975-889-38-37 и почту martinovipati@example.org на сайте https://service.company.ru/.;1;1;0;0;0;1;1;1;1;0;0
259;"В выписке ЕГРН указан кадастровый номер объекта 85:41:908384:4689; владелец Колесникова Екатерина, паспорт 8045 704524.";1;1;1;0;0;0;0;0;0;0;1
260;Заявитель Сафонов Ипполит, паспорт 9123 927136, ИНН 799707319976, СНИЛС 947-201-225 65, контактный телефон +7-981-657-63-77, электронная почта gedeongorbachev@example.org.;1;1;1;1;1;0;1;1;0;0;0
261;"В выписке ЕГРН указан кадастровый номер объекта 98:31:724889:872; владелец Полякова Надежда, паспорт 9494 633403.";1;1;1;0;0;0;0;0;0;0;1
262;В договоре аренды указан кадастровый номер 42:66:254629:7937 и контакт арендатора Валерьянович Леонид, телефон +7-939-602-33-88.;1;1;0;0;0;0;1;0;0;0;1
263;В договоре аренды указан кадастровый номер 41:86:123189:2821 и контакт арендатора Мироновна Тамара, телефон +7-946-259-59-71.;1;1;0;0;0;0;1;0;0;0;1
264;В договоре аренды указан кадастровый номер 74:86:175522:1536 и контакт арендатора Анжела Блохина, телефон +7-976-143-30-18.;1;1;0;0;0;0;1;0;0;0;1
265;Я, Синклитикия Никифоровна, предъявляю паспорт 2047 950319, проживаю по адресу: г. ст. Йошкар-Ола, ИНН 616005699759, телефон +7-904-449-99-30, e-mail kapustinaraisa@example.com.;1;1;1;1;0;0;1;1;0;0;0
266;В анкете заказчика Ирина Архиповна записаны ИНН 962492918655, СНИЛС 156-828-263 95, рабочий телефон +7-914-693-11-12 и электронная почта lora1990@example.net.;1;1;0;1;1;0;1;1;0;0;0
267;"В выписке ЕГРН указан кадастровый номер объекта 10:88:187314:9936; владелец Селиван Давидович, паспорт 9361 744120.";1;1;1;0;0;0;0;0;0;0;1
268;Для входа на портал https://portal.service.org/ требуется указать e-mail burovostap@example.com и контактный телефон +7-917-624-48-68 пользователя Ипполит Муравьев.;1;1;0;0;0;0;1;1;1;0;0
269;На сайте https://portal.university.com/ пользователь Николаевна Евдокия оставил номер карты 1310 6494 7420 2132 и подтвердил связь по телефону +7-983-158-29-31.;1;1;0;0;0;1;1;0;1;0;0
270;В ЗАГС поданы документы: свидетельство о браке 95-935834, паспорт 4878 712315, телефон +7-966-846-30-22, e-mail ekaterina_99@example.org.;0;0;1;0;0;0;1;1;0;1;0
271;В договоре аренды указан кадастровый номер 57:69:771559:3327 и контакт арендатора Теймуразович Петр, телефон +7-918-392-90-29.;1;1;0;0;0;0;1;0;0;0;1
