0	Клиент	O
0	Виноградов	B-FAMILY
0	Павел	B-NAME
0	сообщил	O
0	паспорт	O
0	4464	B-PASSPORT
0	947285,	I-PASSPORT
0	СНИЛС	O
0	139-898-681	B-SNILS
0	67	I-SNILS
0	и	O
0	номер	O
0	банковской	O
0	карты	O
0	8875	B-CARD
0	4394	I-CARD
0	3535	I-CARD
0	3751	I-CARD
0	для	O
0	безопасной	O
0	оплаты.	O

1	В	O
1	акте	O
1	о	O
1	заключении	O
1	брака	O
1	указан	O
1	номер	O
1	свидетельства	O
1	о	O
1	браке	O
1	33-494609	B-MARRIAGE
1	на	O
1	имя	O
1	Тамара	B-FAMILY
1	Семеновна,	B-NAME
1	СНИЛС	O
1	037-314-530	B-SNILS
1	85.	I-SNILS

2	Клиент	O
2	Корнилова	B-FAMILY
2	Прасковья	B-NAME
2	сообщил	O
2	паспорт	O
2	4747	B-PASSPORT
2	193298,	I-PASSPORT
2	СНИЛС	O
2	529-108-677	B-SNILS
2	15	I-SNILS
2	и	O
2	номер	O
2	банковской	O
2	карты	O
2	4476	B-CARD
2	2639	I-CARD
2	3436	I-CARD
2	2620	I-CARD
2	для	O
2	безопасной	O
2	оплаты.	O

3	В	O
3	ЗАГС	O
3	поданы	O
3	документы:	O
3	свидетельство	O
3	о	O
3	браке	O
3	03-571351,	B-MARRIAGE
3	паспорт	O
3	1293	B-PASSPORT
3	106131,	I-PASSPORT
3	телефон	O
3	+7-989-292-13-36.	B-PHONE

4	В	O
4	акте	O
4	о	O
4	заключении	O
4	брака	O
4	указан	O
4	номер	O
4	свидетельства	O
4	о	O
4	браке	O
4	36-189691	B-MARRIAGE
4	на	O
4	имя	O
4	Нинель	B-FAMILY
4	Федоровна,	B-NAME
4	СНИЛС	O
4	509-549-305	B-SNILS
4	92.	I-SNILS

5	Клиент	O
5	Кира	B-FAMILY
5	Альбертовна	B-NAME
5	сообщил	O
5	паспорт	O
5	2762	B-PASSPORT
5	736795,	I-PASSPORT
5	СНИЛС	O
5	964-985-601	B-SNILS
5	23	I-SNILS
5	и	O
5	номер	O
5	банковской	O
5	карты	O
5	3135	B-CARD
5	5251	I-CARD
5	0505	I-CARD
5	3795	I-CARD
5	для	O
5	безопасной	O
5	оплаты.	O

6	В	O
6	договоре	O
6	аренды	O
6	указан	O
6	кадастровый	O
6	номер	O
6	16:40:347879:7021	B-CADASTRAL
6	и	O
6	контакт	O
6	арендатора	O
6	Бенедиктович	B-NAME
6	Доброслав,	B-FAMILY
6	телефон	O
6	+7-989-497-96-98.	B-PHONE

7	В	O
7	выписке	O
7	ЕГРН	O
7	указан	O
7	кадастровый	O
7	номер	O
7	объекта	O
7	43:60:922072:6783;	B-CADASTRAL
7	владелец	O
7	Гаврила	B-FAMILY
7	Афанасьевич,	B-NAME
7	паспорт	O
7	4812	B-PASSPORT
7	843007.	I-PASSPORT

8	Клиент	O
8	Станимир	B-FAMILY
8	Гаврилович	B-NAME
8	сообщил	O
8	паспорт	O
8	7408	B-PASSPORT
8	303721,	I-PASSPORT
8	СНИЛС	O
8	976-461-368	B-SNILS
8	35	I-SNILS
8	и	O
8	номер	O
8	банковской	O
8	карты	O
8	8360	B-CARD
8	7658	I-CARD
8	1739	I-CARD
8	0637	I-CARD
8	для	O
8	безопасной	O
8	оплаты.	O

9	На	O
9	портале	O
9	госуслуг	O
9	подтверждён	O
9	брак	O
9	по	O
9	свидетельству	O
9	12-770513;	B-MARRIAGE
9	контактное	O
9	лицо	O
9	Виктория	B-NAME
9	Муравьева,	B-FAMILY
9	ИНН	O
9	660392051460,	B-INN
9	СНИЛС	O
9	745-553-470	B-SNILS
9	41.	I-SNILS

10	В	O
10	личном	O
10	деле	O
10	сотрудника	O
10	Юдин	B-FAMILY
10	Константин	B-NAME
10	указаны	O
10	документы:	O
10	паспорт	O
10	9992	B-PASSPORT
10	971598,	I-PASSPORT
10	ИНН	O
10	338167423362,	B-INN
10	СНИЛС	O
10	934-497-347	B-SNILS
10	10,	I-SNILS
10	телефон	O
10	+7-946-507-58-31.	B-PHONE

11	В	O
11	выписке	O
11	ЕГРН	O
11	указан	O
11	кадастровый	O
11	номер	O
11	объекта	O
11	21:72:679150:7694;	B-CADASTRAL
11	владелец	O
11	Акулина	B-FAMILY
11	Руслановна,	B-NAME
11	паспорт	O
11	4240	B-PASSPORT
11	258002.	I-PASSPORT

12	Я,	O
12	Ферапонт	B-FAMILY
12	Фокич,	B-NAME
12	предъявляю	O
12	паспорт	O
12	7730	B-PASSPORT
12	906527,	I-PASSPORT
12	проживаю	O
12	по	O
12	адресу:	O
12	г.	O
12	с.	O
12	Петрозаводск,	O
12	ИНН	O
12	691251778528,	B-INN
12	телефон	O
12	+7-921-265-51-38.	B-PHONE

13	В	O
13	договоре	O
13	аренды	O
13	указан	O
13	кадастровый	O
13	номер	O
13	79:01:961331:3150	B-CADASTRAL
13	и	O
13	контакт	O
13	арендатора	O
13	Богданович	B-NAME
13	Осип,	B-FAMILY
13	телефон	O
13	+7-969-538-73-21.	B-PHONE

14	В	O
14	выписке	O
14	ЕГРН	O
14	указан	O
14	кадастровый	O
14	номер	O
14	объекта	O
14	16:86:360864:2171;	B-CADASTRAL
14	владелец	O
14	Шилов	B-FAMILY
14	Велимир,	B-NAME
14	паспорт	O
14	4578	B-PASSPORT
14	864148.	I-PASSPORT

15	В	O
15	личном	O
15	деле	O
15	сотрудника	O
15	Щукин	B-FAMILY
15	Любосмысл	B-NAME
15	указаны	O
15	документы:	O
15	паспорт	O
15	9555	B-PASSPORT
15	409904,	I-PASSPORT
15	ИНН	O
15	285969325914,	B-INN
15	СНИЛС	O
15	084-993-231	B-SNILS
15	23,	I-SNILS
15	телефон	O
15	+7-999-926-38-47.	B-PHONE

16	Заявитель	O
16	Федор	B-FAMILY
16	Богданович,	B-NAME
16	паспорт	O
16	8932	B-PASSPORT
16	301603,	I-PASSPORT
16	ИНН	O
16	348434437575,	B-INN
16	СНИЛС	O
16	844-198-665	B-SNILS
16	98,	I-SNILS
16	контактный	O
16	телефон	O
16	+7-918-397-15-46.	B-PHONE

17	Для	O
17	входа	O
17	на	O
17	портал	O
17	https://www.company.com/cabinet	B-URL
17	требуется	O
17	указать	O
17	контактный	O
17	телефон	O
17	+7-979-157-38-60	B-PHONE
17	пользователя	O
17	Ульяна	B-NAME
17	Николаева.	B-FAMILY

18	В	O
18	личном	O
18	деле	O
18	сотрудника	O
18	Василий	B-FAMILY
18	Владиленович	B-NAME
18	указаны	O
18	документы:	O
18	паспорт	O
18	9099	B-PASSPORT
18	560295,	I-PASSPORT
18	ИНН	O
18	038430988392,	B-INN
18	СНИЛС	O
18	053-021-465	B-SNILS
18	85,	I-SNILS
18	телефон	O
18	+7-950-515-85-35.	B-PHONE

19	Для	O
19	входа	O
19	на	O
19	портал	O
19	https://www.shop.com/cabinet	B-URL
19	требуется	O
19	указать	O
19	контактный	O
19	телефон	O
19	+7-955-290-97-84	B-PHONE
19	пользователя	O
19	Иосифович	B-NAME
19	Серафим.	B-FAMILY

20	В	O
20	анкете	O
20	заказчика	O
20	Беспалов	B-FAMILY
20	Амвросий	B-NAME
20	записаны	O
20	ИНН	O
20	642480962440,	B-INN
20	СНИЛС	O
20	630-624-479	B-SNILS
20	81	I-SNILS
20	и	O
20	рабочий	O
20	телефон	O
20	+7-940-199-38-38.	B-PHONE

21	В	O
21	анкете	O
21	заказчика	O
21	Евдокия	B-FAMILY
21	Артемовна	B-NAME
21	записаны	O
21	ИНН	O
21	108562884318,	B-INN
21	СНИЛС	O
21	848-520-089	B-SNILS
21	33	I-SNILS
21	и	O
21	рабочий	O
21	телефон	O
21	+7-930-952-48-64.	B-PHONE

22	В	O
22	акте	O
22	о	O
22	заключении	O
22	брака	O
22	указан	O
22	номер	O
22	свидетельства	O
22	о	O
22	браке	O
22	66-985066	B-MARRIAGE
22	на	O
22	имя	O
22	Тамара	B-FAMILY
22	Анатольевна,	B-NAME
22	СНИЛС	O
22	676-472-298	B-SNILS
22	10.	I-SNILS

23	Для	O
23	входа	O
23	на	O
23	портал	O
23	https://lk.university.org/cabinet	B-URL
23	требуется	O
23	указать	O
23	контактный	O
23	телефон	O
23	+7-957-281-70-85	B-PHONE
23	пользователя	O
23	Юрьевна	B-NAME
23	Глафира.	B-FAMILY

24	Для	O
24	входа	O
24	на	O
24	портал	O
24	https://secure.shop.ru/cabinet	B-URL
24	требуется	O
24	указать	O
24	контактный	O
24	телефон	O
24	+7-951-661-10-48	B-PHONE
24	пользователя	O
24	Авдей	B-NAME
24	Ковалев.	B-FAMILY

25	Клиент	O
25	Виссарион	B-FAMILY
25	Ааронович	B-NAME
25	сообщил	O
25	паспорт	O
25	7660	B-PASSPORT
25	226601,	I-PASSPORT
25	СНИЛС	O
25	035-213-568	B-SNILS
25	06	I-SNILS
25	и	O
25	номер	O
25	банковской	O
25	карты	O
25	0678	B-CARD
25	8317	I-CARD
25	1210	I-CARD
25	0323	I-CARD
25	для	O
25	безопасной	O
25	оплаты.	O

26	В	O
26	договоре	O
26	аренды	O
26	указан	O
26	кадастровый	O
26	номер	O
26	38:91:495007:964	B-CADASTRAL
26	и	O
26	контакт	O
26	арендатора	O
26	Ксения	B-NAME
26	Колобова,	B-FAMILY
26	телефон	O
26	+7-901-651-68-50.	B-PHONE

27	Я,	O
27	Абрамов	B-FAMILY
27	Трифон,	B-NAME
27	предъявляю	O
27	паспорт	O
27	8019	B-PASSPORT
27	711878,	I-PASSPORT
27	проживаю	O
27	по	O
27	адресу:	O
27	г.	O
27	ст.	O
27	Шелехов,	O
27	ИНН	O
27	653287101226,	B-INN
27	телефон	O
27	+7-987-838-24-97.	B-PHONE

28	Клиент	O
28	Щукин	B-FAMILY
28	Святополк	B-NAME
28	сообщил	O
28	паспорт	O
28	9549	B-PASSPORT
28	305415,	I-PASSPORT
28	СНИЛС	O
28	794-620-726	B-SNILS
28	97	I-SNILS
28	и	O
28	номер	O
28	банковской	O
28	карты	O
28	2508	B-CARD
28	1776	I-CARD
28	0299	I-CARD
28	1406	I-CARD
28	для	O
28	безопасной	O
28	оплаты.	O

29	Я,	O
29	Соколова	B-FAMILY
29	Надежда,	B-NAME
29	предъявляю	O
29	паспорт	O
29	1586	B-PASSPORT
29	829054,	I-PASSPORT
29	проживаю	O
29	по	O
29	адресу:	O
29	г.	O
29	п.	O
29	Соль-Илецк,	O
29	ИНН	O
29	715238676738,	B-INN
29	телефон	O
29	+7-980-779-69-73.	B-PHONE

30	В	O
30	выписке	O
30	ЕГРН	O
30	указан	O
30	кадастровый	O
30	номер	O
30	объекта	O
30	40:90:296790:3265;	B-CADASTRAL
30	владелец	O
30	Елизавета	B-FAMILY
30	Леоновна,	B-NAME
30	паспорт	O
30	2862	B-PASSPORT
30	140959.	I-PASSPORT

31	В	O
31	личном	O
31	деле	O
31	сотрудника	O
31	Федосеев	B-FAMILY
31	Герасим	B-NAME
31	указаны	O
31	документы:	O
31	паспорт	O
31	5832	B-PASSPORT
31	214939,	I-PASSPORT
31	ИНН	O
31	176741241513,	B-INN
31	СНИЛС	O
31	152-854-781	B-SNILS
31	90,	I-SNILS
31	телефон	O
31	+7-988-422-14-65.	B-PHONE

32	На	O
32	сайте	O
32	https://portal.service.com/cabinet	B-URL
32	пользователь	O
32	Сократ	B-NAME
32	Борисов	B-FAMILY
32	оставил	O
32	номер	O
32	карты	O
32	0030	B-CARD
32	1027	I-CARD
32	2405	I-CARD
32	5934	I-CARD
32	и	O
32	подтвердил	O
32	связь	O
32	по	O
32	телефону	O
32	+7-929-522-78-82.	B-PHONE

33	Клиент	O
33	Мечислав	B-FAMILY
33	Демьянович	B-NAME
33	сообщил	O
33	паспорт	O
33	2005	B-PASSPORT
33	634630,	I-PASSPORT
33	СНИЛС	O
33	200-053-474	B-SNILS
33	77	I-SNILS
33	и	O
33	номер	O
33	банковской	O
33	карты	O
33	7554	B-CARD
33	1108	I-CARD
33	2555	I-CARD
33	9895	I-CARD
33	для	O
33	безопасной	O
33	оплаты.	O

34	На	O
34	портале	O
34	госуслуг	O
34	подтверждён	O
34	брак	O
34	по	O
34	свидетельству	O
34	09-958747;	B-MARRIAGE
34	контактное	O
34	лицо	O
34	Владимировна	B-NAME
34	Александра,	B-FAMILY
34	ИНН	O
34	065965756924,	B-INN
34	СНИЛС	O
34	593-752-654	B-SNILS
34	94.	I-SNILS

35	В	O
35	выписке	O
35	ЕГРН	O
35	указан	O
35	кадастровый	O
35	номер	O
35	объекта	O
35	83:23:970720:7613;	B-CADASTRAL
35	владелец	O
35	Андрей	B-FAMILY
35	Ефстафьевич,	B-NAME
35	паспорт	O
35	2816	B-PASSPORT
35	977330.	I-PASSPORT

36	В	O
36	выписке	O
36	ЕГРН	O
36	указан	O
36	кадастровый	O
36	номер	O
36	объекта	O
36	93:82:673284:1314;	B-CADASTRAL
36	владелец	O
36	Федосеев	B-FAMILY
36	Николай,	B-NAME
36	паспорт	O
36	3077	B-PASSPORT
36	156405.	I-PASSPORT

37	В	O
37	выписке	O
37	ЕГРН	O
37	указан	O
37	кадастровый	O
37	номер	O
37	объекта	O
37	10:32:268210:5333;	B-CADASTRAL
37	владелец	O
37	Горбачева	B-FAMILY
37	Дарья,	B-NAME
37	паспорт	O
37	7830	B-PASSPORT
37	917632.	I-PASSPORT

38	В	O
38	договоре	O
38	аренды	O
38	указан	O
38	кадастровый	O
38	номер	O
38	70:47:668373:682	B-CADASTRAL
38	и	O
38	контакт	O
38	арендатора	O
38	Ия	B-NAME
38	Шилова,	B-FAMILY
38	телефон	O
38	+7-962-525-66-72.	B-PHONE

39	В	O
39	личном	O
39	деле	O
39	сотрудника	O
39	Королева	B-FAMILY
39	Элеонора	B-NAME
39	указаны	O
39	документы:	O
39	паспорт	O
39	2816	B-PASSPORT
39	711081,	I-PASSPORT
39	ИНН	O
39	740056435023,	B-INN
39	СНИЛС	O
39	850-371-990	B-SNILS
39	44,	I-SNILS
39	телефон	O
39	+7-909-526-86-88.	B-PHONE

40	Клиент	O
40	Корнилова	B-FAMILY
40	Полина	B-NAME
40	сообщил	O
40	паспорт	O
40	6950	B-PASSPORT
40	525239,	I-PASSPORT
40	СНИЛС	O
40	546-234-712	B-SNILS
40	32	I-SNILS
40	и	O
40	номер	O
40	банковской	O
40	карты	O
40	0801	B-CARD
40	8103	I-CARD
40	0683	I-CARD
40	1764	I-CARD
40	для	O
40	безопасной	O
40	оплаты.	O

41	На	O
41	сайте	O
41	https://portal.university.com/cabinet	B-URL
41	пользователь	O
41	София	B-NAME
41	Кошелева	B-FAMILY
41	оставил	O
41	номер	O
41	карты	O
41	1484	B-CARD
41	3991	I-CARD
41	0622	I-CARD
41	7236	I-CARD
41	и	O
41	подтвердил	O
41	связь	O
41	по	O
41	телефону	O
41	+7-941-239-48-10.	B-PHONE

42	На	O
42	портале	O
42	госуслуг	O
42	подтверждён	O
42	брак	O
42	по	O
42	свидетельству	O
42	41-255190;	B-MARRIAGE
42	контактное	O
42	лицо	O
42	Герасимович	B-NAME
42	Ростислав,	B-FAMILY
42	ИНН	O
42	906477159103,	B-INN
42	СНИЛС	O
42	002-156-321	B-SNILS
42	24.	I-SNILS

43	Пользователь	O
43	Валериевна	B-NAME
43	Акулина	B-FAMILY
43	оплачивает	O
43	заказ	O
43	картой	O
43	7732	B-CARD
43	6430	I-CARD
43	9544	I-CARD
43	9791,	I-CARD
43	оставляя	O
43	телефон	O
43	+7-953-225-72-92	B-PHONE
43	на	O
43	сайте	O
43	https://portal.university.org/cabinet.	B-URL

44	В	O
44	договоре	O
44	аренды	O
44	указан	O
44	кадастровый	O
44	номер	O
44	61:57:762055:4962	B-CADASTRAL
44	и	O
44	контакт	O
44	арендатора	O
44	Елена	B-NAME
44	Крылова,	B-FAMILY
44	телефон	O
44	+7-982-934-28-40.	B-PHONE

45	На	O
45	сайте	O
45	https://secure.service.ru/cabinet	B-URL
45	пользователь	O
45	Октябрина	B-NAME
45	Васильева	B-FAMILY
45	оставил	O
45	номер	O
45	карты	O
45	2239	B-CARD
45	8983	I-CARD
45	0650	I-CARD
45	3121	I-CARD
45	и	O
45	подтвердил	O
45	связь	O
45	по	O
45	телефону	O
45	+7-934-475-43-71.	B-PHONE

46	На	O
46	портале	O
46	госуслуг	O
46	подтверждён	O
46	брак	O
46	по	O
46	свидетельству	O
46	06-130955;	B-MARRIAGE
46	контактное	O
46	лицо	O
46	Никодим	B-NAME
46	Жуков,	B-FAMILY
46	ИНН	O
46	774025883586,	B-INN
46	СНИЛС	O
46	812-259-572	B-SNILS
46	35.	I-SNILS

47	Заявитель	O
47	Панкратий	B-FAMILY
47	Фокич,	B-NAME
47	паспорт	O
47	8069	B-PASSPORT
47	647403,	I-PASSPORT
47	ИНН	O
47	650863765991,	B-INN
47	СНИЛС	O
47	624-731-498	B-SNILS
47	52,	I-SNILS
47	контактный	O
47	телефон	O
47	+7-932-293-10-10.	B-PHONE

48	В	O
48	личном	O
48	деле	O
48	сотрудника	O
48	Фомичева	B-FAMILY
48	Полина	B-NAME
48	указаны	O
48	документы:	O
48	паспорт	O
48	9050	B-PASSPORT
48	133049,	I-PASSPORT
48	ИНН	O
48	755047681699,	B-INN
48	СНИЛС	O
48	570-607-174	B-SNILS
48	69,	I-SNILS
48	телефон	O
48	+7-911-184-41-90.	B-PHONE

49	В	O
49	ЗАГС	O
49	поданы	O
49	документы:	O
49	свидетельство	O
49	о	O
49	браке	O
49	12-442220,	B-MARRIAGE
49	паспорт	O
49	4022	B-PASSPORT
49	315120,	I-PASSPORT
49	телефон	O
49	+7-942-762-47-70.	B-PHONE

50	В	O
50	договоре	O
50	аренды	O
50	указан	O
50	кадастровый	O
50	номер	O
50	98:51:664271:1330	B-CADASTRAL
50	и	O
50	контакт	O
50	арендатора	O
50	Раиса	B-NAME
50	Федотова,	B-FAMILY
50	телефон	O
50	+7-943-750-43-67.	B-PHONE

51	В	O
51	договоре	O
51	аренды	O
51	указан	O
51	кадастровый	O
51	номер	O
51	89:02:451291:24	B-CADASTRAL
51	и	O
51	контакт	O
51	арендатора	O
51	Демидович	B-NAME
51	Панкрат,	B-FAMILY
51	телефон	O
51	+7-970-567-11-57.	B-PHONE

52	Пользователь	O
52	Дмитриевна	B-NAME
52	Алевтина	B-FAMILY
52	оплачивает	O
52	заказ	O
52	картой	O
52	1497	B-CARD
52	3153	I-CARD
52	9114	I-CARD
52	9830,	I-CARD
52	оставляя	O
52	телефон	O
52	+7-932-111-85-62	B-PHONE
52	на	O
52	сайте	O
52	https://service.shop.org/cabinet.	B-URL

53	В	O
53	выписке	O
53	ЕГРН	O
53	указан	O
53	кадастровый	O
53	номер	O
53	объекта	O
53	18:62:260626:7455;	B-CADASTRAL
53	владелец	O
53	Евдокимова	B-FAMILY
53	Марина,	B-NAME
53	паспорт	O
53	4050	B-PASSPORT
53	114768.	I-PASSPORT

54	В	O
54	ЗАГС	O
54	поданы	O
54	документы:	O
54	свидетельство	O
54	о	O
54	браке	O
54	58-544320,	B-MARRIAGE
54	паспорт	O
54	4159	B-PASSPORT
54	735553,	I-PASSPORT
54	телефон	O
54	+7-990-664-93-47.	B-PHONE

55	В	O
55	договоре	O
55	аренды	O
55	указан	O
55	кадастровый	O
55	номер	O
55	68:43:169327:9678	B-CADASTRAL
55	и	O
55	контакт	O
55	арендатора	O
55	Мария	B-NAME
55	Молчанова,	B-FAMILY
55	телефон	O
55	+7-947-112-46-54.	B-PHONE

56	Для	O
56	входа	O
56	на	O
56	портал	O
56	https://www.company.ru/cabinet	B-URL
56	требуется	O
56	указать	O
56	контактный	O
56	телефон	O
56	+7-969-853-53-20	B-PHONE
56	пользователя	O
56	Терентий	B-NAME
56	Козлов.	B-FAMILY

57	На	O
57	портале	O
57	госуслуг	O
57	подтверждён	O
57	брак	O
57	по	O
57	свидетельству	O
57	37-661652;	B-MARRIAGE
57	контактное	O
57	лицо	O
57	Митофан	B-NAME
57	Капустин,	B-FAMILY
57	ИНН	O
57	992172233206,	B-INN
57	СНИЛС	O
57	163-294-511	B-SNILS
57	49.	I-SNILS

58	Пользователь	O
58	Егорович	B-NAME
58	Устин	B-FAMILY
58	оплачивает	O
58	заказ	O
58	картой	O
58	0784	B-CARD
58	6850	I-CARD
58	9574	I-CARD
58	4303,	I-CARD
58	оставляя	O
58	телефон	O
58	+7-990-500-57-56	B-PHONE
58	на	O
58	сайте	O
58	https://lk.service.ru/cabinet.	B-URL

59	На	O
59	сайте	O
59	https://service.shop.ru/cabinet	B-URL
59	пользователь	O
59	Адрианович	B-NAME
59	Селиверст	B-FAMILY
59	оставил	O
59	номер	O
59	карты	O
59	0891	B-CARD
59	7768	I-CARD
59	0898	I-CARD
59	1265	I-CARD
59	и	O
59	подтвердил	O
59	связь	O
59	по	O
59	телефону	O
59	+7-979-434-46-57.	B-PHONE

60	Я,	O
60	Марина	B-FAMILY
60	Семеновна,	B-NAME
60	предъявляю	O
60	паспорт	O
60	5835	B-PASSPORT
60	313910,	I-PASSPORT
60	проживаю	O
60	по	O
60	адресу:	O
60	г.	O
60	клх	O
60	Чебоксары,	O
60	ИНН	O
60	805719838638,	B-INN
60	телефон	O
60	+7-932-307-89-66.	B-PHONE

61	Я,	O
61	Мария	B-FAMILY
61	Макаровна,	B-NAME
61	предъявляю	O
61	паспорт	O
61	6028	B-PASSPORT
61	899614,	I-PASSPORT
61	проживаю	O
61	по	O
61	адресу:	O
61	г.	O
61	г.	O
61	Рыбинск,	O
61	ИНН	O
61	230412027061,	B-INN
61	телефон	O
61	+7-976-734-17-66.	B-PHONE

62	Я,	O
62	Нинель	B-FAMILY
62	Федоровна,	B-NAME
62	предъявляю	O
62	паспорт	O
62	6120	B-PASSPORT
62	797416,	I-PASSPORT
62	проживаю	O
62	по	O
62	адресу:	O
62	г.	O
62	с.	O
62	Александровск-Сахалинский,	O
62	ИНН	O
62	452711116152,	B-INN
62	телефон	O
62	+7-996-533-16-46.	B-PHONE

63	Клиент	O
63	Парфен	B-FAMILY
63	Харитонович	B-NAME
63	сообщил	O
63	паспорт	O
63	1029	B-PASSPORT
63	836109,	I-PASSPORT
63	СНИЛС	O
63	251-355-215	B-SNILS
63	57	I-SNILS
63	и	O
63	номер	O
63	банковской	O
63	карты	O
63	1541	B-CARD
63	0067	I-CARD
63	6267	I-CARD
63	6586	I-CARD
63	для	O
63	безопасной	O
63	оплаты.	O

64	В	O
64	выписке	O
64	ЕГРН	O
64	указан	O
64	кадастровый	O
64	номер	O
64	объекта	O
64	80:28:350629:7877;	B-CADASTRAL
64	владелец	O
64	Савельева	B-FAMILY
64	Виктория,	B-NAME
64	паспорт	O
64	3385	B-PASSPORT
64	254569.	I-PASSPORT

65	На	O
65	портале	O
65	госуслуг	O
65	подтверждён	O
65	брак	O
65	по	O
65	свидетельству	O
65	65-908320;	B-MARRIAGE
65	контактное	O
65	лицо	O
65	Ольга	B-NAME
65	Селиверстова,	B-FAMILY
65	ИНН	O
65	515186449251,	B-INN
65	СНИЛС	O
65	925-462-914	B-SNILS
65	71.	I-SNILS

66	В	O
66	личном	O
66	деле	O
66	сотрудника	O
66	Евсеева	B-FAMILY
66	Лукия	B-NAME
66	указаны	O
66	документы:	O
66	паспорт	O
66	8369	B-PASSPORT
66	735894,	I-PASSPORT
66	ИНН	O
66	327986239847,	B-INN
66	СНИЛС	O
66	169-061-812	B-SNILS
66	98,	I-SNILS
66	телефон	O
66	+7-982-140-57-45.	B-PHONE

67	В	O
67	договоре	O
67	аренды	O
67	указан	O
67	кадастровый	O
67	номер	O
67	20:64:889327:6766	B-CADASTRAL
67	и	O
67	контакт	O
67	арендатора	O
67	Нина	B-NAME
67	Лыткина,	B-FAMILY
67	телефон	O
67	+7-932-235-88-45.	B-PHONE

68	Я,	O
68	Николаев	B-FAMILY
68	Гурий,	B-NAME
68	предъявляю	O
68	паспорт	O
68	8972	B-PASSPORT
68	219876,	I-PASSPORT
68	проживаю	O
68	по	O
68	адресу:	O
68	г.	O
68	ст.	O
68	Звенигород,	O
68	ИНН	O
68	997581724619,	B-INN
68	телефон	O
68	+7-996-751-10-28.	B-PHONE

69	В	O
69	анкете	O
69	заказчика	O
69	Александра	B-FAMILY
69	Анатольевна	B-NAME
69	записаны	O
69	ИНН	O
69	849588039551,	B-INN
69	СНИЛС	O
69	240-568-299	B-SNILS
69	49	I-SNILS
69	и	O
69	рабочий	O
69	телефон	O
69	+7-923-709-24-49.	B-PHONE

70	В	O
70	ЗАГС	O
70	поданы	O
70	документы:	O
70	свидетельство	O
70	о	O
70	браке	O
70	06-405002,	B-MARRIAGE
70	паспорт	O
70	9302	B-PASSPORT
70	561697,	I-PASSPORT
70	телефон	O
70	+7-930-308-51-83.	B-PHONE

71	Заявитель	O
71	Александра	B-FAMILY
71	Яковлевна,	B-NAME
71	паспорт	O
71	8685	B-PASSPORT
71	263482,	I-PASSPORT
71	ИНН	O
71	239594737213,	B-INN
71	СНИЛС	O
71	290-162-047	B-SNILS
71	67,	I-SNILS
71	контактный	O
71	телефон	O
71	+7-962-793-60-80.	B-PHONE

72	В	O
72	выписке	O
72	ЕГРН	O
72	указан	O
72	кадастровый	O
72	номер	O
72	объекта	O
72	31:36:561239:1270;	B-CADASTRAL
72	владелец	O
72	Савельева	B-FAMILY
72	Мария,	B-NAME
72	паспорт	O
72	1400	B-PASSPORT
72	148458.	I-PASSPORT

73	В	O
73	личном	O
73	деле	O
73	сотрудника	O
73	Воронова	B-FAMILY
73	Людмила	B-NAME
73	указаны	O
73	документы:	O
73	паспорт	O
73	1207	B-PASSPORT
73	842287,	I-PASSPORT
73	ИНН	O
73	202758842524,	B-INN
73	СНИЛС	O
73	105-648-149	B-SNILS
73	80,	I-SNILS
73	телефон	O
73	+7-909-608-68-75.	B-PHONE

74	В	O
74	ЗАГС	O
74	поданы	O
74	документы:	O
74	свидетельство	O
74	о	O
74	браке	O
74	34-905305,	B-MARRIAGE
74	паспорт	O
74	8756	B-PASSPORT
74	618358,	I-PASSPORT
74	телефон	O
74	+7-952-176-77-56.	B-PHONE

75	На	O
75	сайте	O
75	https://secure.shop.org/cabinet	B-URL
75	пользователь	O
75	Альбертовна	B-NAME
75	Клавдия	B-FAMILY
75	оставил	O
75	номер	O
75	карты	O
75	2037	B-CARD
75	6388	I-CARD
75	2145	I-CARD
75	8414	I-CARD
75	и	O
75	подтвердил	O
75	связь	O
75	по	O
75	телефону	O
75	+7-920-591-38-66.	B-PHONE

76	Я,	O
76	Потап	B-FAMILY
76	Фокич,	B-NAME
76	предъявляю	O
76	паспорт	O
76	6166	B-PASSPORT
76	341281,	I-PASSPORT
76	проживаю	O
76	по	O
76	адресу:	O
76	г.	O
76	с.	O
76	Алексин,	O
76	ИНН	O
76	334264335027,	B-INN
76	телефон	O
76	+7-925-310-58-85.	B-PHONE

77	Клиент	O
77	Александров	B-FAMILY
77	Нестор	B-NAME
77	сообщил	O
77	паспорт	O
77	6986	B-PASSPORT
77	672896,	I-PASSPORT
77	СНИЛС	O
77	848-666-188	B-SNILS
77	78	I-SNILS
77	и	O
77	номер	O
77	банковской	O
77	карты	O
77	1832	B-CARD
77	8569	I-CARD
77	1463	I-CARD
77	0316	I-CARD
77	для	O
77	безопасной	O
77	оплаты.	O

78	На	O
78	портале	O
78	госуслуг	O
78	подтверждён	O
78	брак	O
78	по	O
78	свидетельству	O
78	11-940480;	B-MARRIAGE
78	контактное	O
78	лицо	O
78	Евфросиния	B-NAME
78	Муравьева,	B-FAMILY
78	ИНН	O
78	664214764925,	B-INN
78	СНИЛС	O
78	158-377-674	B-SNILS
78	72.	I-SNILS

79	В	O
79	выписке	O
79	ЕГРН	O
79	указан	O
79	кадастровый	O
79	номер	O
79	объекта	O
79	38:71:647341:6126;	B-CADASTRAL
79	владелец	O
79	Фотий	B-FAMILY
79	Адамович,	B-NAME
79	паспорт	O
79	2291	B-PASSPORT
79	581395.	I-PASSPORT

80	В	O
80	анкете	O
80	заказчика	O
80	Антонов	B-FAMILY
80	Мирон	B-NAME
80	записаны	O
80	ИНН	O
80	820829737489,	B-INN
80	СНИЛС	O
80	690-835-723	B-SNILS
80	19	I-SNILS
80	и	O
80	рабочий	O
80	телефон	O
80	+7-995-801-48-65.	B-PHONE

81	В	O
81	ЗАГС	O
81	поданы	O
81	документы:	O
81	свидетельство	O
81	о	O
81	браке	O
81	21-804737,	B-MARRIAGE
81	паспорт	O
81	3155	B-PASSPORT
81	312705,	I-PASSPORT
81	телефон	O
81	+7-931-660-45-89.	B-PHONE

82	В	O
82	анкете	O
82	заказчика	O
82	Валентина	B-FAMILY
82	Рубеновна	B-NAME
82	записаны	O
82	ИНН	O
82	346996733116,	B-INN
82	СНИЛС	O
82	772-696-084	B-SNILS
82	26	I-SNILS
82	и	O
82	рабочий	O
82	телефон	O
82	+7-986-603-65-77.	B-PHONE

83	Клиент	O
83	Михеев	B-FAMILY
83	Азарий	B-NAME
83	сообщил	O
83	паспорт	O
83	8030	B-PASSPORT
83	235130,	I-PASSPORT
83	СНИЛС	O
83	964-825-311	B-SNILS
83	03	I-SNILS
83	и	O
83	номер	O
83	банковской	O
83	карты	O
83	2098	B-CARD
83	1960	I-CARD
83	2752	I-CARD
83	3343	I-CARD
83	для	O
83	безопасной	O
83	оплаты.	O

84	Для	O
84	входа	O
84	на	O
84	портал	O
84	https://www.shop.com/cabinet	B-URL
84	требуется	O
84	указать	O
84	контактный	O
84	телефон	O
84	+7-933-998-97-15	B-PHONE
84	пользователя	O
84	Нина	B-NAME
84	Павлова.	B-FAMILY

85	В	O
85	личном	O
85	деле	O
85	сотрудника	O
85	Ратмир	B-FAMILY
85	Владиленович	B-NAME
85	указаны	O
85	документы:	O
85	паспорт	O
85	2589	B-PASSPORT
85	126985,	I-PASSPORT
85	ИНН	O
85	324171467741,	B-INN
85	СНИЛС	O
85	862-565-270	B-SNILS
85	33,	I-SNILS
85	телефон	O
85	+7-956-576-43-38.	B-PHONE

86	В	O
86	выписке	O
86	ЕГРН	O
86	указан	O
86	кадастровый	O
86	номер	O
86	объекта	O
86	37:35:231113:7184;	B-CADASTRAL
86	владелец	O
86	Уваров	B-FAMILY
86	Иван,	B-NAME
86	паспорт	O
86	4788	B-PASSPORT
86	935471.	I-PASSPORT

87	В	O
87	ЗАГС	O
87	поданы	O
87	документы:	O
87	свидетельство	O
87	о	O
87	браке	O
87	45-834480,	B-MARRIAGE
87	паспорт	O
87	5413	B-PASSPORT
87	763874,	I-PASSPORT
87	телефон	O
87	+7-942-755-21-56.	B-PHONE

88	В	O
88	личном	O
88	деле	O
88	сотрудника	O
88	Пахом	B-FAMILY
88	Матвеевич	B-NAME
88	указаны	O
88	документы:	O
88	паспорт	O
88	9482	B-PASSPORT
88	505785,	I-PASSPORT
88	ИНН	O
88	814473947312,	B-INN
88	СНИЛС	O
88	172-715-518	B-SNILS
88	69,	I-SNILS
88	телефон	O
88	+7-937-407-30-99.	B-PHONE

89	Я,	O
89	Кириллов	B-FAMILY
89	Тимофей,	B-NAME
89	предъявляю	O
89	паспорт	O
89	7393	B-PASSPORT
89	520320,	I-PASSPORT
89	проживаю	O
89	по	O
89	адресу:	O
89	г.	O
89	п.	O
89	Яхрома,	O
89	ИНН	O
89	943202939087,	B-INN
89	телефон	O
89	+7-928-146-78-40.	B-PHONE

90	В	O
90	договоре	O
90	аренды	O
90	указан	O
90	кадастровый	O
90	номер	O
90	78:58:626449:6109	B-CADASTRAL
90	и	O
90	контакт	O
90	арендатора	O
90	Валерьевич	B-NAME
90	Мартын,	B-FAMILY
90	телефон	O
90	+7-959-925-20-54.	B-PHONE

91	В	O
91	договоре	O
91	аренды	O
91	указан	O
91	кадастровый	O
91	номер	O
91	58:80:638406:3327	B-CADASTRAL
91	и	O
91	контакт	O
91	арендатора	O
91	Ниловна	B-NAME
91	Акулина,	B-FAMILY
91	телефон	O
91	+7-907-317-11-95.	B-PHONE

92	В	O
92	договоре	O
92	аренды	O
92	указан	O
92	кадастровый	O
92	номер	O
92	92:76:645310:4571	B-CADASTRAL
92	и	O
92	контакт	O
92	арендатора	O
92	Михаил	B-NAME
92	Антонов,	B-FAMILY
92	телефон	O
92	+7-961-905-18-38.	B-PHONE

93	Заявитель	O
93	Демьян	B-FAMILY
93	Бориславович,	B-NAME
93	паспорт	O
93	9444	B-PASSPORT
93	733643,	I-PASSPORT
93	ИНН	O
93	107711991808,	B-INN
93	СНИЛС	O
93	121-352-478	B-SNILS
93	63,	I-SNILS
93	контактный	O
93	телефон	O
93	+7-993-991-22-29.	B-PHONE

94	Для	O
94	входа	O
94	на	O
94	портал	O
94	https://service.bank.org/cabinet	B-URL
94	требуется	O
94	указать	O
94	контактный	O
94	телефон	O
94	+7-954-690-50-80	B-PHONE
94	пользователя	O
94	Святослав	B-NAME
94	Соловьев.	B-FAMILY

95	На	O
95	портале	O
95	госуслуг	O
95	подтверждён	O
95	брак	O
95	по	O
95	свидетельству	O
95	66-194952;	B-MARRIAGE
95	контактное	O
95	лицо	O
95	Вышеслав	B-NAME
95	Моисеев,	B-FAMILY
95	ИНН	O
95	525777547812,	B-INN
95	СНИЛС	O
95	914-283-411	B-SNILS
95	02.	I-SNILS

96	Заявитель	O
96	Фаина	B-FAMILY
96	Борисовна,	B-NAME
96	паспорт	O
96	6415	B-PASSPORT
96	588983,	I-PASSPORT
96	ИНН	O
96	202590947985,	B-INN
96	СНИЛС	O
96	158-328-182	B-SNILS
96	53,	I-SNILS
96	контактный	O
96	телефон	O
96	+7-969-649-61-21.	B-PHONE

97	Пользователь	O
97	Кузьминична	B-NAME
97	Валентина	B-FAMILY
97	оплачивает	O
97	заказ	O
97	картой	O
97	3624	B-CARD
97	8355	I-CARD
97	0542	I-CARD
97	9608,	I-CARD
97	оставляя	O
97	телефон	O
97	+7-951-486-82-25	B-PHONE
97	на	O
97	сайте	O
97	https://www.university.ru/cabinet.	B-URL

98	Пользователь	O
98	Маргарита	B-NAME
98	Гришина	B-FAMILY
98	оплачивает	O
98	заказ	O
98	картой	O
98	7201	B-CARD
98	1379	I-CARD
98	8440	I-CARD
98	9712,	I-CARD
98	оставляя	O
98	телефон	O
98	+7-981-862-97-13	B-PHONE
98	на	O
98	сайте	O
98	https://portal.company.com/cabinet.	B-URL

99	Клиент	O
99	Тимофей	B-FAMILY
99	Эдуардович	B-NAME
99	сообщил	O
99	паспорт	O
99	6739	B-PASSPORT
99	413735,	I-PASSPORT
99	СНИЛС	O
99	712-661-106	B-SNILS
99	16	I-SNILS
99	и	O
99	номер	O
99	банковской	O
99	карты	O
99	5869	B-CARD
99	8864	I-CARD
99	9767	I-CARD
99	7622	I-CARD
99	для	O
99	безопасной	O
99	оплаты.	O

100	Пользователь	O
100	Зинаида	B-NAME
100	Лазарева	B-FAMILY
100	оплачивает	O
100	заказ	O
100	картой	O
100	5658	B-CARD
100	8043	I-CARD
100	4165	I-CARD
100	1827,	I-CARD
100	оставляя	O
100	телефон	O
100	+7-928-793-99-39	B-PHONE
100	на	O
100	сайте	O
100	https://lk.shop.ru/cabinet.	B-URL

101	На	O
101	сайте	O
101	https://secure.university.ru/cabinet	B-URL
101	пользователь	O
101	Юлиан	B-NAME
101	Назаров	B-FAMILY
101	оставил	O
101	номер	O
101	карты	O
101	6528	B-CARD
101	0924	I-CARD
101	2875	I-CARD
101	7215	I-CARD
101	и	O
101	подтвердил	O
101	связь	O
101	по	O
101	телефону	O
101	+7-964-734-58-48.	B-PHONE

102	Клиент	O
102	Александров	B-FAMILY
102	Олимпий	B-NAME
102	сообщил	O
102	паспорт	O
102	7530	B-PASSPORT
102	774810,	I-PASSPORT
102	СНИЛС	O
102	900-124-825	B-SNILS
102	47	I-SNILS
102	и	O
102	номер	O
102	банковской	O
102	карты	O
102	6796	B-CARD
102	3259	I-CARD
102	4232	I-CARD
102	8946	I-CARD
102	для	O
102	безопасной	O
102	оплаты.	O

103	На	O
103	портале	O
103	госуслуг	O
103	подтверждён	O
103	брак	O
103	по	O
103	свидетельству	O
103	29-564032;	B-MARRIAGE
103	контактное	O
103	лицо	O
103	Герасимович	B-NAME
103	Вышеслав,	B-FAMILY
103	ИНН	O
103	634755752250,	B-INN
103	СНИЛС	O
103	139-488-488	B-SNILS
103	22.	I-SNILS

104	Клиент	O
104	Антонин	B-FAMILY
104	Фокич	B-NAME
104	сообщил	O
104	паспорт	O
104	3355	B-PASSPORT
104	757916,	I-PASSPORT
104	СНИЛС	O
104	117-536-170	B-SNILS
104	52	I-SNILS
104	и	O
104	номер	O
104	банковской	O
104	карты	O
104	3665	B-CARD
104	7224	I-CARD
104	0299	I-CARD
104	0155	I-CARD
104	для	O
104	безопасной	O
104	оплаты.	O

105	На	O
105	портале	O
105	госуслуг	O
105	подтверждён	O
105	брак	O
105	по	O
105	свидетельству	O
105	05-807835;	B-MARRIAGE
105	контактное	O
105	лицо	O
105	Рудольфовна	B-NAME
105	Марфа,	B-FAMILY
105	ИНН	O
105	176563600412,	B-INN
105	СНИЛС	O
105	577-711-837	B-SNILS
105	17.	I-SNILS

106	На	O
106	сайте	O
106	https://service.company.ru/cabinet	B-URL
106	пользователь	O
106	Эдуардович	B-NAME
106	Гурий	B-FAMILY
106	оставил	O
106	номер	O
106	карты	O
106	0450	B-CARD
106	5331	I-CARD
106	5869	I-CARD
106	2322	I-CARD
106	и	O
106	подтвердил	O
106	связь	O
106	по	O
106	телефону	O
106	+7-970-251-65-26.	B-PHONE

107	В	O
107	ЗАГС	O
107	поданы	O
107	документы:	O
107	свидетельство	O
107	о	O
107	браке	O
107	05-949355,	B-MARRIAGE
107	паспорт	O
107	2740	B-PASSPORT
107	623694,	I-PASSPORT
107	телефон	O
107	+7-989-560-58-27.	B-PHONE

108	В	O
108	ЗАГС	O
108	поданы	O
108	документы:	O
108	свидетельство	O
108	о	O
108	браке	O
108	62-801534,	B-MARRIAGE
108	паспорт	O
108	4763	B-PASSPORT
108	190674,	I-PASSPORT
108	телефон	O
108	+7-905-581-74-14.	B-PHONE

109	Для	O
109	входа	O
109	на	O
109	портал	O
109	https://www.shop.org/cabinet	B-URL
109	требуется	O
109	указать	O
109	контактный	O
109	телефон	O
109	+7-904-715-58-17	B-PHONE
109	пользователя	O
109	Вилорович	B-NAME
109	Алексей.	B-FAMILY

110	В	O
110	акте	O
110	о	O
110	заключении	O
110	брака	O
110	указан	O
110	номер	O
110	свидетельства	O
110	о	O
110	браке	O
110	13-922312	B-MARRIAGE
110	на	O
110	имя	O
110	Филарет	B-FAMILY
110	Валентинович,	B-NAME
110	СНИЛС	O
110	977-688-936	B-SNILS
110	23.	I-SNILS

111	В	O
111	личном	O
111	деле	O
111	сотрудника	O
111	Рожкова	B-FAMILY
111	Маргарита	B-NAME
111	указаны	O
111	документы:	O
111	паспорт	O
111	6273	B-PASSPORT
111	583287,	I-PASSPORT
111	ИНН	O
111	245000000152,	B-INN
111	СНИЛС	O
111	911-371-785	B-SNILS
111	07,	I-SNILS
111	телефон	O
111	+7-980-866-87-13.	B-PHONE

112	На	O
112	портале	O
112	госуслуг	O
112	подтверждён	O
112	брак	O
112	по	O
112	свидетельству	O
112	38-269054;	B-MARRIAGE
112	контактное	O
112	лицо	O
112	Влас	B-NAME
112	Дроздов,	B-FAMILY
112	ИНН	O
112	139043830341,	B-INN
112	СНИЛС	O
112	990-970-051	B-SNILS
112	39.	I-SNILS

113	В	O
113	акте	O
113	о	O
113	заключении	O
113	брака	O
113	указан	O
113	номер	O
113	свидетельства	O
113	о	O
113	браке	O
113	06-917326	B-MARRIAGE
113	на	O
113	имя	O
113	Никонов	B-FAMILY
113	Касьян,	B-NAME
113	СНИЛС	O
113	069-409-600	B-SNILS
113	28.	I-SNILS

114	Заявитель	O
114	Якушев	B-FAMILY
114	Петр,	B-NAME
114	паспорт	O
114	2212	B-PASSPORT
114	390756,	I-PASSPORT
114	ИНН	O
114	066504427173,	B-INN
114	СНИЛС	O
114	962-712-863	B-SNILS
114	78,	I-SNILS
114	контактный	O
114	телефон	O
114	+7-982-208-66-43.	B-PHONE

115	В	O
115	договоре	O
115	аренды	O
115	указан	O
115	кадастровый	O
115	номер	O
115	17:78:665482:20	B-CADASTRAL
115	и	O
115	контакт	O
115	арендатора	O
115	Матвеевич	B-NAME
115	Андроник,	B-FAMILY
115	телефон	O
115	+7-908-335-58-59.	B-PHONE

116	Пользователь	O
116	Жоресович	B-NAME
116	Спиридон	B-FAMILY
116	оплачивает	O
116	заказ	O
116	картой	O
116	9670	B-CARD
116	5466	I-CARD
116	8893	I-CARD
116	7346,	I-CARD
116	оставляя	O
116	телефон	O
116	+7-998-698-99-12	B-PHONE
116	на	O
116	сайте	O
116	https://service.company.com/cabinet.	B-URL

117	В	O
117	выписке	O
117	ЕГРН	O
117	указан	O
117	кадастровый	O
117	номер	O
117	объекта	O
117	20:69:696337:3452;	B-CADASTRAL
117	владелец	O
117	Шашкова	B-FAMILY
117	Елизавета,	B-NAME
117	паспорт	O
117	2904	B-PASSPORT
117	194960.	I-PASSPORT

118	В	O
118	анкете	O
118	заказчика	O
118	Марк	B-FAMILY
118	Филиппович	B-NAME
118	записаны	O
118	ИНН	O
118	561942557782,	B-INN
118	СНИЛС	O
118	058-295-829	B-SNILS
118	17	I-SNILS
118	и	O
118	рабочий	O
118	телефон	O
118	+7-926-944-98-60.	B-PHONE

119	Пользователь	O
119	Гордей	B-NAME
119	Самойлов	B-FAMILY
119	оплачивает	O
119	заказ	O
119	картой	O
119	9993	B-CARD
119	4768	I-CARD
119	7014	I-CARD
119	6263,	I-CARD
119	оставляя	O
119	телефон	O
119	+7-935-556-29-14	B-PHONE
119	на	O
119	сайте	O
119	https://secure.bank.org/cabinet.	B-URL

120	В	O
120	договоре	O
120	аренды	O
120	указан	O
120	кадастровый	O
120	номер	O
120	54:11:486538:7618	B-CADASTRAL
120	и	O
120	контакт	O
120	арендатора	O
120	Валерий	B-NAME
120	Лебедев,	B-FAMILY
120	телефон	O
120	+7-982-292-86-87.	B-PHONE

121	В	O
121	личном	O
121	деле	O
121	сотрудника	O
121	Ильина	B-FAMILY
121	Лариса	B-NAME
121	указаны	O
121	документы:	O
121	паспорт	O
121	9565	B-PASSPORT
121	431737,	I-PASSPORT
121	ИНН	O
121	435346247510,	B-INN
121	СНИЛС	O
121	799-118-384	B-SNILS
121	16,	I-SNILS
121	телефон	O
121	+7-944-170-41-57.	B-PHONE

122	Я,	O
122	Платон	B-FAMILY
122	Антонович,	B-NAME
122	предъявляю	O
122	паспорт	O
122	9689	B-PASSPORT
122	708555,	I-PASSPORT
122	проживаю	O
122	по	O
122	адресу:	O
122	г.	O
122	с.	O
122	Балашов,	O
122	ИНН	O
122	420466489667,	B-INN
122	телефон	O
122	+7-946-601-66-53.	B-PHONE

123	В	O
123	акте	O
123	о	O
123	заключении	O
123	брака	O
123	указан	O
123	номер	O
123	свидетельства	O
123	о	O
123	браке	O
123	99-907304	B-MARRIAGE
123	на	O
123	имя	O
123	Ситников	B-FAMILY
123	Лев,	B-NAME
123	СНИЛС	O
123	054-857-417	B-SNILS
123	17.	I-SNILS

124	Я,	O
124	Ефимова	B-FAMILY
124	Октябрина,	B-NAME
124	предъявляю	O
124	паспорт	O
124	5828	B-PASSPORT
124	669097,	I-PASSPORT
124	проживаю	O
124	по	O
124	адресу:	O
124	г.	O
124	к.	O
124	Кызыл,	O
124	ИНН	O
124	739285574982,	B-INN
124	телефон	O
124	+7-999-753-74-58.	B-PHONE

125	В	O
125	выписке	O
125	ЕГРН	O
125	указан	O
125	кадастровый	O
125	номер	O
125	объекта	O
125	52:89:719244:1667;	B-CADASTRAL
125	владелец	O
125	Егоров	B-FAMILY
125	Денис,	B-NAME
125	паспорт	O
125	7219	B-PASSPORT
125	544692.	I-PASSPORT

126	Заявитель	O
126	Надежда	B-FAMILY
126	Филипповна,	B-NAME
126	паспорт	O
126	3694	B-PASSPORT
126	445217,	I-PASSPORT
126	ИНН	O
126	411076095431,	B-INN
126	СНИЛС	O
126	735-058-319	B-SNILS
126	79,	I-SNILS
126	контактный	O
126	телефон	O
126	+7-956-882-22-90.	B-PHONE

127	В	O
127	договоре	O
127	аренды	O
127	указан	O
127	кадастровый	O
127	номер	O
127	32:32:175124:4363	B-CADASTRAL
127	и	O
127	контакт	O
127	арендатора	O
127	Изяслав	B-NAME
127	Родионов,	B-FAMILY
127	телефон	O
127	+7-943-184-70-83.	B-PHONE

128	В	O
128	выписке	O
128	ЕГРН	O
128	указан	O
128	кадастровый	O
128	номер	O
128	объекта	O
128	53:06:433632:7750;	B-CADASTRAL
128	владелец	O
128	Харлампий	B-FAMILY
128	Ефстафьевич,	B-NAME
128	паспорт	O
128	2924	B-PASSPORT
128	779172.	I-PASSPORT

129	В	O
129	выписке	O
129	ЕГРН	O
129	указан	O
129	кадастровый	O
129	номер	O
129	объекта	O
129	55:46:233644:6592;	B-CADASTRAL
129	владелец	O
129	Ангелина	B-FAMILY
129	Сергеевна,	B-NAME
129	паспорт	O
129	6935	B-PASSPORT
129	785066.	I-PASSPORT

130	Клиент	O
130	г-жа	B-FAMILY
130	Ефимова	B-NAME
130	сообщил	O
130	паспорт	O
130	3901	B-PASSPORT
130	560623,	I-PASSPORT
130	СНИЛС	O
130	999-880-817	B-SNILS
130	58	I-SNILS
130	и	O
130	номер	O
130	банковской	O
130	карты	O
130	8608	B-CARD
130	6803	I-CARD
130	4764	I-CARD
130	4726	I-CARD
130	для	O
130	безопасной	O
130	оплаты.	O

131	Для	O
131	входа	O
131	на	O
131	портал	O
131	https://portal.bank.ru/cabinet	B-URL
131	требуется	O
131	указать	O
131	контактный	O
131	телефон	O
131	+7-981-964-81-37	B-PHONE
131	пользователя	O
131	Антонина	B-NAME
131	Колесникова.	B-FAMILY

132	В	O
132	акте	O
132	о	O
132	заключении	O
132	брака	O
132	указан	O
132	номер	O
132	свидетельства	O
132	о	O
132	браке	O
132	37-776624	B-MARRIAGE
132	на	O
132	имя	O
132	Лобанова	B-FAMILY
132	Александра,	B-NAME
132	СНИЛС	O
132	171-731-893	B-SNILS
132	76.	I-SNILS

133	В	O
133	личном	O
133	деле	O
133	сотрудника	O
133	Фирс	B-FAMILY
133	Гаврилович	B-NAME
133	указаны	O
133	документы:	O
133	паспорт	O
133	7920	B-PASSPORT
133	960085,	I-PASSPORT
133	ИНН	O
133	124815698570,	B-INN
133	СНИЛС	O
133	027-206-345	B-SNILS
133	73,	I-SNILS
133	телефон	O
133	+7-910-213-30-41.	B-PHONE

134	Клиент	O
134	Татьяна	B-FAMILY
134	Натановна	B-NAME
134	сообщил	O
134	паспорт	O
134	7159	B-PASSPORT
134	414067,	I-PASSPORT
134	СНИЛС	O
134	463-203-747	B-SNILS
134	51	I-SNILS
134	и	O
134	номер	O
134	банковской	O
134	карты	O
134	3726	B-CARD
134	0321	I-CARD
134	4505	I-CARD
134	7661	I-CARD
134	для	O
134	безопасной	O
134	оплаты.	O

135	Клиент	O
135	Филарет	B-FAMILY
135	Ааронович	B-NAME
135	сообщил	O
135	паспорт	O
135	8033	B-PASSPORT
135	126865,	I-PASSPORT
135	СНИЛС	O
135	622-593-648	B-SNILS
135	69	I-SNILS
135	и	O
135	номер	O
135	банковской	O
135	карты	O
135	3486	B-CARD
135	8839	I-CARD
135	0624	I-CARD
135	6728	I-CARD
135	для	O
135	безопасной	O
135	оплаты.	O

136	В	O
136	ЗАГС	O
136	поданы	O
136	документы:	O
136	свидетельство	O
136	о	O
136	браке	O
136	03-431889,	B-MARRIAGE
136	паспорт	O
136	6779	B-PASSPORT
136	903702,	I-PASSPORT
136	телефон	O
136	+7-930-763-49-85.	B-PHONE

137	Пользователь	O
137	Филимонович	B-NAME
137	Яков	B-FAMILY
137	оплачивает	O
137	заказ	O
137	картой	O
137	0233	B-CARD
137	3247	I-CARD
137	0739	I-CARD
137	2013,	I-CARD
137	оставляя	O
137	телефон	O
137	+7-922-942-30-39	B-PHONE
137	на	O
137	сайте	O
137	https://lk.shop.org/cabinet.	B-URL

138	Заявитель	O
138	Марина	B-FAMILY
138	Эдуардовна,	B-NAME
138	паспорт	O
138	9220	B-PASSPORT
138	637700,	I-PASSPORT
138	ИНН	O
138	814311150835,	B-INN
138	СНИЛС	O
138	354-443-928	B-SNILS
138	33,	I-SNILS
138	контактный	O
138	телефон	O
138	+7-901-888-48-46.	B-PHONE

139	В	O
139	выписке	O
139	ЕГРН	O
139	указан	O
139	кадастровый	O
139	номер	O
139	объекта	O
139	34:52:697092:2464;	B-CADASTRAL
139	владелец	O
139	Ульян	B-FAMILY
139	Харлампович,	B-NAME
139	паспорт	O
139	9904	B-PASSPORT
139	814637.	I-PASSPORT

140	Для	O
140	входа	O
140	на	O
140	портал	O
140	https://portal.company.ru/cabinet	B-URL
140	требуется	O
140	указать	O
140	контактный	O
140	телефон	O
140	+7-936-132-60-53	B-PHONE
140	пользователя	O
140	Аксёнович	B-NAME
140	Алексей.	B-FAMILY

141	Клиент	O
141	Вероника	B-FAMILY
141	Ждановна	B-NAME
141	сообщил	O
141	паспорт	O
141	5111	B-PASSPORT
141	689444,	I-PASSPORT
141	СНИЛС	O
141	455-884-506	B-SNILS
141	15	I-SNILS
141	и	O
141	номер	O
141	банковской	O
141	карты	O
141	3998	B-CARD
141	2455	I-CARD
141	8771	I-CARD
141	6947	I-CARD
141	для	O
141	безопасной	O
141	оплаты.	O

142	Для	O
142	входа	O
142	на	O
142	портал	O
142	https://service.company.ru/cabinet	B-URL
142	требуется	O
142	указать	O
142	контактный	O
142	телефон	O
142	+7-936-868-13-39	B-PHONE
142	пользователя	O
142	Пантелеймон	B-NAME
142	Киселев.	B-FAMILY

143	Заявитель	O
143	Новиков	B-FAMILY
143	Лука,	B-NAME
143	паспорт	O
143	2786	B-PASSPORT
143	573962,	I-PASSPORT
143	ИНН	O
143	839084700766,	B-INN
143	СНИЛС	O
143	177-115-921	B-SNILS
143	16,	I-SNILS
143	контактный	O
143	телефон	O
143	+7-935-739-91-84.	B-PHONE

144	Для	O
144	входа	O
144	на	O
144	портал	O
144	https://service.shop.com/cabinet	B-URL
144	требуется	O
144	указать	O
144	контактный	O
144	телефон	O
144	+7-941-984-84-74	B-PHONE
144	пользователя	O
144	Эдуардович	B-NAME
144	Ульян.	B-FAMILY

145	На	O
145	сайте	O
145	https://portal.university.ru/cabinet	B-URL
145	пользователь	O
145	Лукия	B-NAME
145	Веселова	B-FAMILY
145	оставил	O
145	номер	O
145	карты	O
145	5326	B-CARD
145	3890	I-CARD
145	2199	I-CARD
145	4711	I-CARD
145	и	O
145	подтвердил	O
145	связь	O
145	по	O
145	телефону	O
145	+7-919-123-80-84.	B-PHONE

146	В	O
146	ЗАГС	O
146	поданы	O
146	документы:	O
146	свидетельство	O
146	о	O
146	браке	O
146	39-109576,	B-MARRIAGE
146	паспорт	O
146	9630	B-PASSPORT
146	979249,	I-PASSPORT
146	телефон	O
146	+7-944-593-79-39.	B-PHONE

147	На	O
147	портале	O
147	госуслуг	O
147	подтверждён	O
147	брак	O
147	по	O
147	свидетельству	O
147	65-413081;	B-MARRIAGE
147	контактное	O
147	лицо	O
147	Артёмович	B-NAME
147	Флорентин,	B-FAMILY
147	ИНН	O
147	649215182606,	B-INN
147	СНИЛС	O
147	888-718-981	B-SNILS
147	96.	I-SNILS

148	Заявитель	O
148	Маргарита	B-FAMILY
148	Андреевна,	B-NAME
148	паспорт	O
148	5203	B-PASSPORT
148	666479,	I-PASSPORT
148	ИНН	O
148	408588770435,	B-INN
148	СНИЛС	O
148	811-288-013	B-SNILS
148	85,	I-SNILS
148	контактный	O
148	телефон	O
148	+7-980-892-37-97.	B-PHONE

149	В	O
149	акте	O
149	о	O
149	заключении	O
149	брака	O
149	указан	O
149	номер	O
149	свидетельства	O
149	о	O
149	браке	O
149	71-105199	B-MARRIAGE
149	на	O
149	имя	O
149	Эраст	B-FAMILY
149	Арсеньевич,	B-NAME
149	СНИЛС	O
149	715-312-345	B-SNILS
149	45.	I-SNILS

150	В	O
150	ЗАГС	O
150	поданы	O
150	документы:	O
150	свидетельство	O
150	о	O
150	браке	O
150	08-510396,	B-MARRIAGE
150	паспорт	O
150	9064	B-PASSPORT
150	931239,	I-PASSPORT
150	телефон	O
150	+7-904-281-81-94.	B-PHONE

151	Я,	O
151	Корнилова	B-FAMILY
151	Милица,	B-NAME
151	предъявляю	O
151	паспорт	O
151	6067	B-PASSPORT
151	316456,	I-PASSPORT
151	проживаю	O
151	по	O
151	адресу:	O
151	г.	O
151	с.	O
151	Данков,	O
151	ИНН	O
151	324913577908,	B-INN
151	телефон	O
151	+7-970-647-78-20.	B-PHONE

152	Заявитель	O
152	Мясникова	B-FAMILY
152	Олимпиада,	B-NAME
152	паспорт	O
152	1256	B-PASSPORT
152	352356,	I-PASSPORT
152	ИНН	O
152	311907903067,	B-INN
152	СНИЛС	O
152	383-028-439	B-SNILS
152	40,	I-SNILS
152	контактный	O
152	телефон	O
152	+7-973-712-96-51.	B-PHONE

153	Для	O
153	входа	O
153	на	O
153	портал	O
153	https://www.university.com/cabinet	B-URL
153	требуется	O
153	указать	O
153	контактный	O
153	телефон	O
153	+7-989-867-20-36	B-PHONE
153	пользователя	O
153	Станислав	B-NAME
153	Дорофеев.	B-FAMILY

154	В	O
154	акте	O
154	о	O
154	заключении	O
154	брака	O
154	указан	O
154	номер	O
154	свидетельства	O
154	о	O
154	браке	O
154	11-963185	B-MARRIAGE
154	на	O
154	имя	O
154	Беляков	B-FAMILY
154	Изот,	B-NAME
154	СНИЛС	O
154	409-003-486	B-SNILS
154	39.	I-SNILS

155	Пользователь	O
155	Всеслав	B-NAME
155	Цветков	B-FAMILY
155	оплачивает	O
155	заказ	O
155	картой	O
155	5162	B-CARD
155	7136	I-CARD
155	1115	I-CARD
155	5426,	I-CARD
155	оставляя	O
155	телефон	O
155	+7-987-555-11-11	B-PHONE
155	на	O
155	сайте	O
155	https://portal.bank.ru/cabinet.	B-URL

156	Заявитель	O
156	Артемий	B-FAMILY
156	Александрович,	B-NAME
156	паспорт	O
156	9788	B-PASSPORT
156	950965,	I-PASSPORT
156	ИНН	O
156	417722560531,	B-INN
156	СНИЛС	O
156	340-266-502	B-SNILS
156	85,	I-SNILS
156	контактный	O
156	телефон	O
156	+7-925-590-95-44.	B-PHONE

157	Я,	O
157	Боброва	B-FAMILY
157	Фёкла,	B-NAME
157	предъявляю	O
157	паспорт	O
157	4569	B-PASSPORT
157	262062,	I-PASSPORT
157	проживаю	O
157	по	O
157	адресу:	O
157	г.	O
157	г.	O
157	Тобольск,	O
157	ИНН	O
157	833898881671,	B-INN
157	телефон	O
157	+7-966-881-53-32.	B-PHONE

158	Клиент	O
158	г-жа	B-FAMILY
158	Петрова	B-NAME
158	сообщил	O
158	паспорт	O
158	2959	B-PASSPORT
158	491330,	I-PASSPORT
158	СНИЛС	O
158	204-565-044	B-SNILS
158	67	I-SNILS
158	и	O
158	номер	O
158	банковской	O
158	карты	O
158	2192	B-CARD
158	8554	I-CARD
158	4518	I-CARD
158	9520	I-CARD
158	для	O
158	безопасной	O
158	оплаты.	O

159	Для	O
159	входа	O
159	на	O
159	портал	O
159	https://service.bank.org/cabinet	B-URL
159	требуется	O
159	указать	O
159	контактный	O
159	телефон	O
159	+7-933-532-97-83	B-PHONE
159	пользователя	O
159	Дмитрий	B-NAME
159	Богданов.	B-FAMILY

160	Пользователь	O
160	Кирилловна	B-NAME
160	Вероника	B-FAMILY
160	оплачивает	O
160	заказ	O
160	картой	O
160	7232	B-CARD
160	4407	I-CARD
160	9311	I-CARD
160	0291,	I-CARD
160	оставляя	O
160	телефон	O
160	+7-926-628-28-81	B-PHONE
160	на	O
160	сайте	O
160	https://secure.company.ru/cabinet.	B-URL

161	Для	O
161	входа	O
161	на	O
161	портал	O
161	https://secure.service.com/cabinet	B-URL
161	требуется	O
161	указать	O
161	контактный	O
161	телефон	O
161	+7-976-276-93-58	B-PHONE
161	пользователя	O
161	Георгиевна	B-NAME
161	Фаина.	B-FAMILY

162	Пользователь	O
162	Валентина	B-NAME
162	Горбунова	B-FAMILY
162	оплачивает	O
162	заказ	O
162	картой	O
162	3308	B-CARD
162	0037	I-CARD
162	0033	I-CARD
162	2285,	I-CARD
162	оставляя	O
162	телефон	O
162	+7-957-262-24-43	B-PHONE
162	на	O
162	сайте	O
162	https://lk.university.org/cabinet.	B-URL

163	Заявитель	O
163	Панкратий	B-FAMILY
163	Валерьянович,	B-NAME
163	паспорт	O
163	3955	B-PASSPORT
163	718771,	I-PASSPORT
163	ИНН	O
163	821739295786,	B-INN
163	СНИЛС	O
163	718-153-523	B-SNILS
163	62,	I-SNILS
163	контактный	O
163	телефон	O
163	+7-924-913-61-15.	B-PHONE

164	В	O
164	договоре	O
164	аренды	O
164	указан	O
164	кадастровый	O
164	номер	O
164	19:92:437742:4056	B-CADASTRAL
164	и	O
164	контакт	O
164	арендатора	O
164	Вениамин	B-NAME
164	Капустин,	B-FAMILY
164	телефон	O
164	+7-926-924-17-82.	B-PHONE

165	В	O
165	договоре	O
165	аренды	O
165	указан	O
165	кадастровый	O
165	номер	O
165	87:96:353542:9646	B-CADASTRAL
165	и	O
165	контакт	O
165	арендатора	O
165	Бориславович	B-NAME
165	Никон,	B-FAMILY
165	телефон	O
165	+7-967-991-65-11.	B-PHONE

166	В	O
166	анкете	O
166	заказчика	O
166	Феврония	B-FAMILY
166	Андреевна	B-NAME
166	записаны	O
166	ИНН	O
166	569070562608,	B-INN
166	СНИЛС	O
166	564-111-824	B-SNILS
166	18	I-SNILS
166	и	O
166	рабочий	O
166	телефон	O
166	+7-923-361-21-29.	B-PHONE

167	В	O
167	анкете	O
167	заказчика	O
167	Регина	B-FAMILY
167	Эльдаровна	B-NAME
167	записаны	O
167	ИНН	O
167	027716701450,	B-INN
167	СНИЛС	O
167	899-358-891	B-SNILS
167	55	I-SNILS
167	и	O
167	рабочий	O
167	телефон	O
167	+7-984-844-41-71.	B-PHONE

168	На	O
168	портале	O
168	госуслуг	O
168	подтверждён	O
168	брак	O
168	по	O
168	свидетельству	O
168	91-557239;	B-MARRIAGE
168	контактное	O
168	лицо	O
168	Рюрик	B-NAME
168	Рожков,	B-FAMILY
168	ИНН	O
168	160733754330,	B-INN
168	СНИЛС	O
168	365-414-586	B-SNILS
168	86.	I-SNILS

169	Для	O
169	входа	O
169	на	O
169	портал	O
169	https://service.bank.com/cabinet	B-URL
169	требуется	O
169	указать	O
169	контактный	O
169	телефон	O
169	+7-901-953-30-91	B-PHONE
169	пользователя	O
169	Анисимович	B-NAME
169	Афиноген.	B-FAMILY

170	В	O
170	анкете	O
170	заказчика	O
170	Молчанова	B-FAMILY
170	Зоя	B-NAME
170	записаны	O
170	ИНН	O
170	921249384308,	B-INN
170	СНИЛС	O
170	948-706-056	B-SNILS
170	52	I-SNILS
170	и	O
170	рабочий	O
170	телефон	O
170	+7-935-224-97-76.	B-PHONE

171	На	O
171	портале	O
171	госуслуг	O
171	подтверждён	O
171	брак	O
171	по	O
171	свидетельству	O
171	12-738265;	B-MARRIAGE
171	контактное	O
171	лицо	O
171	Павловна	B-NAME
171	Галина,	B-FAMILY
171	ИНН	O
171	044361995171,	B-INN
171	СНИЛС	O
171	523-910-292	B-SNILS
171	99.	I-SNILS

172	На	O
172	портале	O
172	госуслуг	O
172	подтверждён	O
172	брак	O
172	по	O
172	свидетельству	O
172	16-946415;	B-MARRIAGE
172	контактное	O
172	лицо	O
172	Игоревич	B-NAME
172	Захар,	B-FAMILY
172	ИНН	O
172	409080512080,	B-INN
172	СНИЛС	O
172	056-409-951	B-SNILS
172	22.	I-SNILS

173	Пользователь	O
173	Ефимовна	B-NAME
173	Василиса	B-FAMILY
173	оплачивает	O
173	заказ	O
173	картой	O
173	9770	B-CARD
173	3482	I-CARD
173	4771	I-CARD
173	0932,	I-CARD
173	оставляя	O
173	телефон	O
173	+7-906-292-76-56	B-PHONE
173	на	O
173	сайте	O
173	https://lk.service.ru/cabinet.	B-URL

174	На	O
174	портале	O
174	госуслуг	O
174	подтверждён	O
174	брак	O
174	по	O
174	свидетельству	O
174	22-904189;	B-MARRIAGE
174	контактное	O
174	лицо	O
174	Нестор	B-NAME
174	Иванов,	B-FAMILY
174	ИНН	O
174	462025825431,	B-INN
174	СНИЛС	O
174	832-812-312	B-SNILS
174	25.	I-SNILS

175	В	O
175	анкете	O
175	заказчика	O
175	Авдеева	B-FAMILY
175	Евпраксия	B-NAME
175	записаны	O
175	ИНН	O
175	544294774222,	B-INN
175	СНИЛС	O
175	946-430-394	B-SNILS
175	18	I-SNILS
175	и	O
175	рабочий	O
175	телефон	O
175	+7-974-112-43-56.	B-PHONE

176	В	O
176	личном	O
176	деле	O
176	сотрудника	O
176	Лидия	B-FAMILY
176	Наумовна	B-NAME
176	указаны	O
176	документы:	O
176	паспорт	O
176	2570	B-PASSPORT
176	747288,	I-PASSPORT
176	ИНН	O
176	639907676991,	B-INN
176	СНИЛС	O
176	507-859-311	B-SNILS
176	01,	I-SNILS
176	телефон	O
176	+7-976-830-18-85.	B-PHONE

177	Заявитель	O
177	Гусев	B-FAMILY
177	Ким,	B-NAME
177	паспорт	O
177	8126	B-PASSPORT
177	866461,	I-PASSPORT
177	ИНН	O
177	673459576403,	B-INN
177	СНИЛС	O
177	816-649-690	B-SNILS
177	20,	I-SNILS
177	контактный	O
177	телефон	O
177	+7-965-270-48-86.	B-PHONE

178	Пользователь	O
178	Светлана	B-NAME
178	Лаврентьева	B-FAMILY
178	оплачивает	O
178	заказ	O
178	картой	O
178	1371	B-CARD
178	1624	I-CARD
178	1124	I-CARD
178	1272,	I-CARD
178	оставляя	O
178	телефон	O
178	+7-947-919-96-98	B-PHONE
178	на	O
178	сайте	O
178	https://portal.service.org/cabinet.	B-URL

179	Для	O
179	входа	O
179	на	O
179	портал	O
179	https://www.company.com/cabinet	B-URL
179	требуется	O
179	указать	O
179	контактный	O
179	телефон	O
179	+7-901-721-44-14	B-PHONE
179	пользователя	O
179	Григорьевна	B-NAME
179	Синклитикия.	B-FAMILY

180	Для	O
180	входа	O
180	на	O
180	портал	O
180	https://secure.company.org/cabinet	B-URL
180	требуется	O
180	указать	O
180	контактный	O
180	телефон	O
180	+7-917-509-51-46	B-PHONE
180	пользователя	O
180	Евгения	B-NAME
180	Боброва.	B-FAMILY

181	На	O
181	сайте	O
181	https://secure.shop.org/cabinet	B-URL
181	пользователь	O
181	Фомич	B-NAME
181	Федор	B-FAMILY
181	оставил	O
181	номер	O
181	карты	O
181	7080	B-CARD
181	8697	I-CARD
181	8292	I-CARD
181	2169	I-CARD
181	и	O
181	подтвердил	O
181	связь	O
181	по	O
181	телефону	O
181	+7-984-703-74-27.	B-PHONE

182	В	O
182	ЗАГС	O
182	поданы	O
182	документы:	O
182	свидетельство	O
182	о	O
182	браке	O
182	96-813692,	B-MARRIAGE
182	паспорт	O
182	6956	B-PASSPORT
182	454210,	I-PASSPORT
182	телефон	O
182	+7-969-767-67-48.	B-PHONE

183	Клиент	O
183	Нонна	B-FAMILY
183	Эльдаровна	B-NAME
183	сообщил	O
183	паспорт	O
183	2356	B-PASSPORT
183	539953,	I-PASSPORT
183	СНИЛС	O
183	529-580-660	B-SNILS
183	08	I-SNILS
183	и	O
183	номер	O
183	банковской	O
183	карты	O
183	4127	B-CARD
183	0493	I-CARD
183	8620	I-CARD
183	4485	I-CARD
183	для	O
183	безопасной	O
183	оплаты.	O

184	Для	O
184	входа	O
184	на	O
184	портал	O
184	https://www.bank.ru/cabinet	B-URL
184	требуется	O
184	указать	O
184	контактный	O
184	телефон	O
184	+7-998-568-59-51	B-PHONE
184	пользователя	O
184	Любосмысл	B-NAME
184	Коновалов.	B-FAMILY

185	На	O
185	портале	O
185	госуслуг	O
185	подтверждён	O
185	брак	O
185	по	O
185	свидетельству	O
185	47-490963;	B-MARRIAGE
185	контактное	O
185	лицо	O
185	Юрьевна	B-NAME
185	Лора,	B-FAMILY
185	ИНН	O
185	058147700541,	B-INN
185	СНИЛС	O
185	199-867-980	B-SNILS
185	57.	I-SNILS

186	В	O
186	акте	O
186	о	O
186	заключении	O
186	брака	O
186	указан	O
186	номер	O
186	свидетельства	O
186	о	O
186	браке	O
186	51-880550	B-MARRIAGE
186	на	O
186	имя	O
186	Гордеева	B-FAMILY
186	Кира,	B-NAME
186	СНИЛС	O
186	070-164-510	B-SNILS
186	37.	I-SNILS

187	В	O
187	договоре	O
187	аренды	O
187	указан	O
187	кадастровый	O
187	номер	O
187	99:42:369836:2654	B-CADASTRAL
187	и	O
187	контакт	O
187	арендатора	O
187	Кира	B-NAME
187	Мухина,	B-FAMILY
187	телефон	O
187	+7-907-708-94-37.	B-PHONE

188	На	O
188	сайте	O
188	https://service.university.org/cabinet	B-URL
188	пользователь	O
188	Юлианович	B-NAME
188	Софрон	B-FAMILY
188	оставил	O
188	номер	O
188	карты	O
188	6079	B-CARD
188	8487	I-CARD
188	0450	I-CARD
188	6917	I-CARD
188	и	O
188	подтвердил	O
188	связь	O
188	по	O
188	телефону	O
188	+7-975-727-88-35.	B-PHONE

189	В	O
189	личном	O
189	деле	O
189	сотрудника	O
189	Анисим	B-FAMILY
189	Даниилович	B-NAME
189	указаны	O
189	документы:	O
189	паспорт	O
189	9955	B-PASSPORT
189	175460,	I-PASSPORT
189	ИНН	O
189	528733978559,	B-INN
189	СНИЛС	O
189	821-766-191	B-SNILS
189	16,	I-SNILS
189	телефон	O
189	+7-966-405-22-25.	B-PHONE

190	В	O
190	договоре	O
190	аренды	O
190	указан	O
190	кадастровый	O
190	номер	O
190	35:11:571727:1390	B-CADASTRAL
190	и	O
190	контакт	O
190	арендатора	O
190	Полякова	B-NAME
190	тов.,	B-FAMILY
190	телефон	O
190	+7-994-687-12-48.	B-PHONE

191	Для	O
191	входа	O
191	на	O
191	портал	O
191	https://secure.shop.org/cabinet	B-URL
191	требуется	O
191	указать	O
191	контактный	O
191	телефон	O
191	+7-962-128-28-28	B-PHONE
191	пользователя	O
191	Акулина	B-NAME
191	Ефремова.	B-FAMILY

192	На	O
192	сайте	O
192	https://service.university.ru/cabinet	B-URL
192	пользователь	O
192	Яковлевна	B-NAME
192	Наина	B-FAMILY
192	оставил	O
192	номер	O
192	карты	O
192	9293	B-CARD
192	1438	I-CARD
192	6632	I-CARD
192	2702	I-CARD
192	и	O
192	подтвердил	O
192	связь	O
192	по	O
192	телефону	O
192	+7-951-386-67-33.	B-PHONE

193	Пользователь	O
193	Дорофеевич	B-NAME
193	Лучезар	B-FAMILY
193	оплачивает	O
193	заказ	O
193	картой	O
193	1764	B-CARD
193	6448	I-CARD
193	9880	I-CARD
193	3153,	I-CARD
193	оставляя	O
193	телефон	O
193	+7-923-400-34-12	B-PHONE
193	на	O
193	сайте	O
193	https://secure.service.org/cabinet.	B-URL

194	Пользователь	O
194	Демьянович	B-NAME
194	Ратибор	B-FAMILY
194	оплачивает	O
194	заказ	O
194	картой	O
194	8973	B-CARD
194	1791	I-CARD
194	2868	I-CARD
194	5787,	I-CARD
194	оставляя	O
194	телефон	O
194	+7-906-744-45-26	B-PHONE
194	на	O
194	сайте	O
194	https://portal.shop.org/cabinet.	B-URL

195	В	O
195	договоре	O
195	аренды	O
195	указан	O
195	кадастровый	O
195	номер	O
195	71:69:381452:2088	B-CADASTRAL
195	и	O
195	контакт	O
195	арендатора	O
195	Вероника	B-NAME
195	Рожкова,	B-FAMILY
195	телефон	O
195	+7-935-623-82-63.	B-PHONE

196	Заявитель	O
196	Ковалев	B-FAMILY
196	Пимен,	B-NAME
196	паспорт	O
196	5130	B-PASSPORT
196	949042,	I-PASSPORT
196	ИНН	O
196	389982780205,	B-INN
196	СНИЛС	O
196	869-507-321	B-SNILS
196	93,	I-SNILS
196	контактный	O
196	телефон	O
196	+7-939-838-64-42.	B-PHONE

197	Я,	O
197	Лидия	B-FAMILY
197	Николаевна,	B-NAME
197	предъявляю	O
197	паспорт	O
197	8044	B-PASSPORT
197	121535,	I-PASSPORT
197	проживаю	O
197	по	O
197	адресу:	O
197	г.	O
197	г.	O
197	Белгород,	O
197	ИНН	O
197	858167046861,	B-INN
197	телефон	O
197	+7-903-265-21-83.	B-PHONE

198	Для	O
198	входа	O
198	на	O
198	портал	O
198	https://secure.shop.org/cabinet	B-URL
198	требуется	O
198	указать	O
198	контактный	O
198	телефон	O
198	+7-914-883-67-53	B-PHONE
198	пользователя	O
198	Галина	B-NAME
198	Копылова.	B-FAMILY

199	В	O
199	личном	O
199	деле	O
199	сотрудника	O
199	Валентина	B-FAMILY
199	Рудольфовна	B-NAME
199	указаны	O
199	документы:	O
199	паспорт	O
199	8758	B-PASSPORT
199	846610,	I-PASSPORT
199	ИНН	O
199	585126861205,	B-INN
199	СНИЛС	O
199	943-897-607	B-SNILS
199	36,	I-SNILS
199	телефон	O
199	+7-905-224-72-68.	B-PHONE

200	Клиент	O
200	Пономарева	B-FAMILY
200	Евдокия	B-NAME
200	сообщил	O
200	паспорт	O
200	8061	B-PASSPORT
200	570646,	I-PASSPORT
200	СНИЛС	O
200	560-466-183	B-SNILS
200	73	I-SNILS
200	и	O
200	номер	O
200	банковской	O
200	карты	O
200	2244	B-CARD
200	4721	I-CARD
200	2646	I-CARD
200	4715	I-CARD
200	для	O
200	безопасной	O
200	оплаты.	O

201	Пользователь	O
201	Ипатий	B-NAME
201	Лапин	B-FAMILY
201	оплачивает	O
201	заказ	O
201	картой	O
201	6667	B-CARD
201	2521	I-CARD
201	4526	I-CARD
201	4712,	I-CARD
201	оставляя	O
201	телефон	O
201	+7-951-687-99-97	B-PHONE
201	на	O
201	сайте	O
201	https://lk.university.ru/cabinet.	B-URL

202	Я,	O
202	Юлиан	B-FAMILY
202	Изотович,	B-NAME
202	предъявляю	O
202	паспорт	O
202	9907	B-PASSPORT
202	315860,	I-PASSPORT
202	проживаю	O
202	по	O
202	адресу:	O
202	г.	O
202	д.	O
202	Соликамск,	O
202	ИНН	O
202	753745843845,	B-INN
202	телефон	O
202	+7-926-240-76-39.	B-PHONE

203	Для	O
203	входа	O
203	на	O
203	портал	O
203	https://secure.shop.ru/cabinet	B-URL
203	требуется	O
203	указать	O
203	контактный	O
203	телефон	O
203	+7-987-829-55-69	B-PHONE
203	пользователя	O
203	Егорович	B-NAME
203	Епифан.	B-FAMILY

204	В	O
204	акте	O
204	о	O
204	заключении	O
204	брака	O
204	указан	O
204	номер	O
204	свидетельства	O
204	о	O
204	браке	O
204	14-262959	B-MARRIAGE
204	на	O
204	имя	O
204	Виссарион	B-FAMILY
204	Федосеевич,	B-NAME
204	СНИЛС	O
204	386-571-918	B-SNILS
204	17.	I-SNILS

205	В	O
205	ЗАГС	O
205	поданы	O
205	документы:	O
205	свидетельство	O
205	о	O
205	браке	O
205	99-855944,	B-MARRIAGE
205	паспорт	O
205	8775	B-PASSPORT
205	378428,	I-PASSPORT
205	телефон	O
205	+7-988-308-62-74.	B-PHONE

206	В	O
206	ЗАГС	O
206	поданы	O
206	документы:	O
206	свидетельство	O
206	о	O
206	браке	O
206	73-427523,	B-MARRIAGE
206	паспорт	O
206	2070	B-PASSPORT
206	909919,	I-PASSPORT
206	телефон	O
206	+7-913-906-38-51.	B-PHONE

207	В	O
207	ЗАГС	O
207	поданы	O
207	документы:	O
207	свидетельство	O
207	о	O
207	браке	O
207	67-864605,	B-MARRIAGE
207	паспорт	O
207	3906	B-PASSPORT
207	577456,	I-PASSPORT
207	телефон	O
207	+7-989-314-88-17.	B-PHONE

208	В	O
208	договоре	O
208	аренды	O
208	указан	O
208	кадастровый	O
208	номер	O
208	90:45:951266:6628	B-CADASTRAL
208	и	O
208	контакт	O
208	арендатора	O
208	Наум	B-NAME
208	Бобров,	B-FAMILY
208	телефон	O
208	+7-982-254-83-17.	B-PHONE

209	В	O
209	личном	O
209	деле	O
209	сотрудника	O
209	Жданов	B-FAMILY
209	Платон	B-NAME
209	указаны	O
209	документы:	O
209	паспорт	O
209	1672	B-PASSPORT
209	715054,	I-PASSPORT
209	ИНН	O
209	337118954738,	B-INN
209	СНИЛС	O
209	202-368-485	B-SNILS
209	46,	I-SNILS
209	телефон	O
209	+7-957-744-25-65.	B-PHONE

210	В	O
210	личном	O
210	деле	O
210	сотрудника	O
210	Исаева	B-FAMILY
210	Маргарита	B-NAME
210	указаны	O
210	документы:	O
210	паспорт	O
210	9720	B-PASSPORT
210	831618,	I-PASSPORT
210	ИНН	O
210	264609178513,	B-INN
210	СНИЛС	O
210	854-457-702	B-SNILS
210	79,	I-SNILS
210	телефон	O
210	+7-974-270-89-55.	B-PHONE

211	Я,	O
211	г-жа	B-FAMILY
211	Константинова,	B-NAME
211	предъявляю	O
211	паспорт	O
211	6918	B-PASSPORT
211	797385,	I-PASSPORT
211	проживаю	O
211	по	O
211	адресу:	O
211	г.	O
211	п.	O
211	Чокурдах,	O
211	ИНН	O
211	669055107620,	B-INN
211	телефон	O
211	+7-952-776-34-10.	B-PHONE

212	В	O
212	ЗАГС	O
212	поданы	O
212	документы:	O
212	свидетельство	O
212	о	O
212	браке	O
212	97-122806,	B-MARRIAGE
212	паспорт	O
212	8108	B-PASSPORT
212	463773,	I-PASSPORT
212	телефон	O
212	+7-947-677-58-94.	B-PHONE

213	Пользователь	O
213	Илья	B-NAME
213	Харитонов	B-FAMILY
213	оплачивает	O
213	заказ	O
213	картой	O
213	7657	B-CARD
213	6927	I-CARD
213	7894	I-CARD
213	3191,	I-CARD
213	оставляя	O
213	телефон	O
213	+7-923-981-52-36	B-PHONE
213	на	O
213	сайте	O
213	https://www.company.org/cabinet.	B-URL

214	В	O
214	акте	O
214	о	O
214	заключении	O
214	брака	O
214	указан	O
214	номер	O
214	свидетельства	O
214	о	O
214	браке	O
214	75-557058	B-MARRIAGE
214	на	O
214	имя	O
214	Евдокия	B-FAMILY
214	Геннадьевна,	B-NAME
214	СНИЛС	O
214	471-746-488	B-SNILS
214	63.	I-SNILS

215	Пользователь	O
215	Вера	B-NAME
215	Третьякова	B-FAMILY
215	оплачивает	O
215	заказ	O
215	картой	O
215	2312	B-CARD
215	6043	I-CARD
215	2609	I-CARD
215	3106,	I-CARD
215	оставляя	O
215	телефон	O
215	+7-923-293-85-90	B-PHONE
215	на	O
215	сайте	O
215	https://service.service.com/cabinet.	B-URL

216	В	O
216	акте	O
216	о	O
216	заключении	O
216	брака	O
216	указан	O
216	номер	O
216	свидетельства	O
216	о	O
216	браке	O
216	80-686810	B-MARRIAGE
216	на	O
216	имя	O
216	Богдан	B-FAMILY
216	Харитонович,	B-NAME
216	СНИЛС	O
216	104-091-570	B-SNILS
216	13.	I-SNILS

217	Я,	O
217	Натан	B-FAMILY
217	Августович,	B-NAME
217	предъявляю	O
217	паспорт	O
217	5044	B-PASSPORT
217	651400,	I-PASSPORT
217	проживаю	O
217	по	O
217	адресу:	O
217	г.	O
217	с.	O
217	Карабулак,	O
217	ИНН	O
217	597779014754,	B-INN
217	телефон	O
217	+7-984-287-99-82.	B-PHONE

218	В	O
218	ЗАГС	O
218	поданы	O
218	документы:	O
218	свидетельство	O
218	о	O
218	браке	O
218	38-123005,	B-MARRIAGE
218	паспорт	O
218	3385	B-PASSPORT
218	356059,	I-PASSPORT
218	телефон	O
218	+7-986-659-30-19.	B-PHONE

219	Заявитель	O
219	тов.	B-FAMILY
219	Емельянова,	B-NAME
219	паспорт	O
219	7246	B-PASSPORT
219	504832,	I-PASSPORT
219	ИНН	O
219	270289517187,	B-INN
219	СНИЛС	O
219	026-217-459	B-SNILS
219	88,	I-SNILS
219	контактный	O
219	телефон	O
219	+7-950-765-20-52.	B-PHONE

220	В	O
220	выписке	O
220	ЕГРН	O
220	указан	O
220	кадастровый	O
220	номер	O
220	объекта	O
220	34:81:819231:7800;	B-CADASTRAL
220	владелец	O
220	тов.	B-FAMILY
220	Миронов,	B-NAME
220	паспорт	O
220	7156	B-PASSPORT
220	192744.	I-PASSPORT

221	Клиент	O
221	Шилов	B-FAMILY
221	Феликс	B-NAME
221	сообщил	O
221	паспорт	O
221	7185	B-PASSPORT
221	326636,	I-PASSPORT
221	СНИЛС	O
221	776-655-868	B-SNILS
221	97	I-SNILS
221	и	O
221	номер	O
221	банковской	O
221	карты	O
221	6528	B-CARD
221	9286	I-CARD
221	6464	I-CARD
221	9111	I-CARD
221	для	O
221	безопасной	O
221	оплаты.	O

222	На	O
222	сайте	O
222	https://secure.shop.com/cabinet	B-URL
222	пользователь	O
222	Ефремович	B-NAME
222	Лазарь	B-FAMILY
222	оставил	O
222	номер	O
222	карты	O
222	8377	B-CARD
222	7014	I-CARD
222	3634	I-CARD
222	9578	I-CARD
222	и	O
222	подтвердил	O
222	связь	O
222	по	O
222	телефону	O
222	+7-930-837-62-72.	B-PHONE

223	На	O
223	портале	O
223	госуслуг	O
223	подтверждён	O
223	брак	O
223	по	O
223	свидетельству	O
223	59-100708;	B-MARRIAGE
223	контактное	O
223	лицо	O
223	Юрий	B-NAME
223	Рогов,	B-FAMILY
223	ИНН	O
223	294667116845,	B-INN
223	СНИЛС	O
223	775-901-751	B-SNILS
223	68.	I-SNILS

224	В	O
224	акте	O
224	о	O
224	заключении	O
224	брака	O
224	указан	O
224	номер	O
224	свидетельства	O
224	о	O
224	браке	O
224	20-690225	B-MARRIAGE
224	на	O
224	имя	O
224	Семенов	B-FAMILY
224	Гостомысл,	B-NAME
224	СНИЛС	O
224	415-608-213	B-SNILS
224	58.	I-SNILS

225	Для	O
225	входа	O
225	на	O
225	портал	O
225	https://portal.shop.ru/cabinet	B-URL
225	требуется	O
225	указать	O
225	контактный	O
225	телефон	O
225	+7-945-209-10-54	B-PHONE
225	пользователя	O
225	Аверьянович	B-NAME
225	Федосий.	B-FAMILY

226	В	O
226	анкете	O
226	заказчика	O
226	Климент	B-FAMILY
226	Елизарович	B-NAME
226	записаны	O
226	ИНН	O
226	534240891649,	B-INN
226	СНИЛС	O
226	837-354-396	B-SNILS
226	19	I-SNILS
226	и	O
226	рабочий	O
226	телефон	O
226	+7-957-337-65-57.	B-PHONE

227	В	O
227	договоре	O
227	аренды	O
227	указан	O
227	кадастровый	O
227	номер	O
227	83:51:968797:846	B-CADASTRAL
227	и	O
227	контакт	O
227	арендатора	O
227	Аскольдовна	B-NAME
227	Татьяна,	B-FAMILY
227	телефон	O
227	+7-934-774-43-49.	B-PHONE

228	В	O
228	выписке	O
228	ЕГРН	O
228	указан	O
228	кадастровый	O
228	номер	O
228	объекта	O
228	01:41:358133:3630;	B-CADASTRAL
228	владелец	O
228	Устинова	B-FAMILY
228	Оксана,	B-NAME
228	паспорт	O
228	7760	B-PASSPORT
228	777308.	I-PASSPORT

229	В	O
229	анкете	O
229	заказчика	O
229	Александрова	B-FAMILY
229	Ангелина	B-NAME
229	записаны	O
229	ИНН	O
229	312710267672,	B-INN
229	СНИЛС	O
229	095-799-270	B-SNILS
229	62	I-SNILS
229	и	O
229	рабочий	O
229	телефон	O
229	+7-985-680-54-53.	B-PHONE

230	Для	O
230	входа	O
230	на	O
230	портал	O
230	https://secure.company.ru/cabinet	B-URL
230	требуется	O
230	указать	O
230	контактный	O
230	телефон	O
230	+7-983-761-22-17	B-PHONE
230	пользователя	O
230	Зинаида	B-NAME
230	Носкова.	B-FAMILY

231	Для	O
231	входа	O
231	на	O
231	портал	O
231	https://secure.company.org/cabinet	B-URL
231	требуется	O
231	указать	O
231	контактный	O
231	телефон	O
231	+7-970-588-57-28	B-PHONE
231	пользователя	O
231	Леоновна	B-NAME
231	Мария.	B-FAMILY

232	Клиент	O
232	Филатова	B-FAMILY
232	Марина	B-NAME
232	сообщил	O
232	паспорт	O
232	8279	B-PASSPORT
232	498724,	I-PASSPORT
232	СНИЛС	O
232	992-618-914	B-SNILS
232	14	I-SNILS
232	и	O
232	номер	O
232	банковской	O
232	карты	O
232	3483	B-CARD
232	5642	I-CARD
232	0873	I-CARD
232	7530	I-CARD
232	для	O
232	безопасной	O
232	оплаты.	O

233	В	O
233	ЗАГС	O
233	поданы	O
233	документы:	O
233	свидетельство	O
233	о	O
233	браке	O
233	70-428574,	B-MARRIAGE
233	паспорт	O
233	2601	B-PASSPORT
233	947591,	I-PASSPORT
233	телефон	O
233	+7-951-923-38-89.	B-PHONE

234	В	O
234	ЗАГС	O
234	поданы	O
234	документы:	O
234	свидетельство	O
234	о	O
234	браке	O
234	49-182627,	B-MARRIAGE
234	паспорт	O
234	2824	B-PASSPORT
234	126225,	I-PASSPORT
234	телефон	O
234	+7-957-703-45-10.	B-PHONE

235	Заявитель	O
235	Нонна	B-FAMILY
235	Робертовна,	B-NAME
235	паспорт	O
235	5416	B-PASSPORT
235	702059,	I-PASSPORT
235	ИНН	O
235	053152049980,	B-INN
235	СНИЛС	O
235	949-769-873	B-SNILS
235	82,	I-SNILS
235	контактный	O
235	телефон	O
235	+7-908-303-69-85.	B-PHONE

236	Пользователь	O
236	Евдоким	B-NAME
236	Зыков	B-FAMILY
236	оплачивает	O
236	заказ	O
236	картой	O
236	9698	B-CARD
236	6091	I-CARD
236	9191	I-CARD
236	1359,	I-CARD
236	оставляя	O
236	телефон	O
236	+7-990-599-81-87	B-PHONE
236	на	O
236	сайте	O
236	https://secure.university.com/cabinet.	B-URL

237	Пользователь	O
237	Арсеньевич	B-NAME
237	Эммануил	B-FAMILY
237	оплачивает	O
237	заказ	O
237	картой	O
237	9399	B-CARD
237	3379	I-CARD
237	7058	I-CARD
237	1629,	I-CARD
237	оставляя	O
237	телефон	O
237	+7-924-230-51-90	B-PHONE
237	на	O
237	сайте	O
237	https://lk.company.org/cabinet.	B-URL

238	Заявитель	O
238	Смирнов	B-FAMILY
238	Аверкий,	B-NAME
238	паспорт	O
238	6458	B-PASSPORT
238	260119,	I-PASSPORT
238	ИНН	O
238	330276420865,	B-INN
238	СНИЛС	O
238	675-661-844	B-SNILS
238	89,	I-SNILS
238	контактный	O
238	телефон	O
238	+7-924-817-80-60.	B-PHONE

239	Для	O
239	входа	O
239	на	O
239	портал	O
239	https://service.shop.ru/cabinet	B-URL
239	требуется	O
239	указать	O
239	контактный	O
239	телефон	O
239	+7-905-807-55-62	B-PHONE
239	пользователя	O
239	Робертовна	B-NAME
239	Валентина.	B-FAMILY

240	В	O
240	ЗАГС	O
240	поданы	O
240	документы:	O
240	свидетельство	O
240	о	O
240	браке	O
240	75-422623,	B-MARRIAGE
240	паспорт	O
240	2946	B-PASSPORT
240	234913,	I-PASSPORT
240	телефон	O
240	+7-965-243-51-88.	B-PHONE

241	В	O
241	акте	O
241	о	O
241	заключении	O
241	брака	O
241	указан	O
241	номер	O
241	свидетельства	O
241	о	O
241	браке	O
241	70-995739	B-MARRIAGE
241	на	O
241	имя	O
241	Евфросиния	B-FAMILY
241	Вячеславовна,	B-NAME
241	СНИЛС	O
241	389-701-550	B-SNILS
241	18.	I-SNILS

242	На	O
242	портале	O
242	госуслуг	O
242	подтверждён	O
242	брак	O
242	по	O
242	свидетельству	O
242	34-288783;	B-MARRIAGE
242	контактное	O
242	лицо	O
242	Кира	B-NAME
242	Моисеева,	B-FAMILY
242	ИНН	O
242	790827231843,	B-INN
242	СНИЛС	O
242	222-591-365	B-SNILS
242	92.	I-SNILS

243	В	O
243	анкете	O
243	заказчика	O
243	Савин	B-FAMILY
243	Устин	B-NAME
243	записаны	O
243	ИНН	O
243	094396907844,	B-INN
243	СНИЛС	O
243	736-471-027	B-SNILS
243	53	I-SNILS
243	и	O
243	рабочий	O
243	телефон	O
243	+7-961-575-36-53.	B-PHONE

244	Пользователь	O
244	Брониславович	B-NAME
244	Фортунат	B-FAMILY
244	оплачивает	O
244	заказ	O
244	картой	O
244	8996	B-CARD
244	4235	I-CARD
244	3693	I-CARD
244	7854,	I-CARD
244	оставляя	O
244	телефон	O
244	+7-994-249-12-43	B-PHONE
244	на	O
244	сайте	O
244	https://service.university.com/cabinet.	B-URL

245	Я,	O
245	Стрелков	B-FAMILY
245	Аким,	B-NAME
245	предъявляю	O
245	паспорт	O
245	3610	B-PASSPORT
245	385959,	I-PASSPORT
245	проживаю	O
245	по	O
245	адресу:	O
245	г.	O
245	г.	O
245	Шерегеш,	O
245	ИНН	O
245	204482070015,	B-INN
245	телефон	O
245	+7-973-852-74-25.	B-PHONE

246	В	O
246	договоре	O
246	аренды	O
246	указан	O
246	кадастровый	O
246	номер	O
246	90:51:839056:2099	B-CADASTRAL
246	и	O
246	контакт	O
246	арендатора	O
246	Аким	B-NAME
246	Шашков,	B-FAMILY
246	телефон	O
246	+7-962-601-90-60.	B-PHONE

247	В	O
247	личном	O
247	деле	O
247	сотрудника	O
247	Алевтина	B-FAMILY
247	Михайловна	B-NAME
247	указаны	O
247	документы:	O
247	паспорт	O
247	5921	B-PASSPORT
247	982416,	I-PASSPORT
247	ИНН	O
247	386490810818,	B-INN
247	СНИЛС	O
247	661-794-549	B-SNILS
247	10,	I-SNILS
247	телефон	O
247	+7-998-615-12-24.	B-PHONE

248	Я,	O
248	Евфросиния	B-FAMILY
248	Георгиевна,	B-NAME
248	предъявляю	O
248	паспорт	O
248	8318	B-PASSPORT
248	856383,	I-PASSPORT
248	проживаю	O
248	по	O
248	адресу:	O
248	г.	O
248	к.	O
248	Певек,	O
248	ИНН	O
248	711964215226,	B-INN
248	телефон	O
248	+7-931-492-63-80.	B-PHONE

249	Для	O
249	входа	O
249	на	O
249	портал	O
249	https://lk.company.org/cabinet	B-URL
249	требуется	O
249	указать	O
249	контактный	O
249	телефон	O
249	+7-935-963-72-99	B-PHONE
249	пользователя	O
249	Тихонович	B-NAME
249	Ефрем.	B-FAMILY

250	В	O
250	анкете	O
250	заказчика	O
250	Уваров	B-FAMILY
250	Дементий	B-NAME
250	записаны	O
250	ИНН	O
250	449485625728,	B-INN
250	СНИЛС	O
250	703-203-207	B-SNILS
250	33	I-SNILS
250	и	O
250	рабочий	O
250	телефон	O
250	+7-920-822-69-65.	B-PHONE

251	Пользователь	O
251	Филарет	B-NAME
251	Калашников	B-FAMILY
251	оплачивает	O
251	заказ	O
251	картой	O
251	7548	B-CARD
251	5819	I-CARD
251	3242	I-CARD
251	6877,	I-CARD
251	оставляя	O
251	телефон	O
251	+7-971-502-58-59	B-PHONE
251	на	O
251	сайте	O
251	https://lk.company.org/cabinet.	B-URL

252	Пользователь	O
252	Харлампий	B-NAME
252	Ильин	B-FAMILY
252	оплачивает	O
252	заказ	O
252	картой	O
252	9102	B-CARD
252	2901	I-CARD
252	4767	I-CARD
252	9764,	I-CARD
252	оставляя	O
252	телефон	O
252	+7-939-838-51-82	B-PHONE
252	на	O
252	сайте	O
252	https://portal.service.ru/cabinet.	B-URL

253	Я,	O
253	Зуев	B-FAMILY
253	Любосмысл,	B-NAME
253	предъявляю	O
253	паспорт	O
253	9497	B-PASSPORT
253	554626,	I-PASSPORT
253	проживаю	O
253	по	O
253	адресу:	O
253	г.	O
253	к.	O
253	Волгоград,	O
253	ИНН	O
253	103131009431,	B-INN
253	телефон	O
253	+7-993-943-98-44.	B-PHONE

254	В	O
254	акте	O
254	о	O
254	заключении	O
254	брака	O
254	указан	O
254	номер	O
254	свидетельства	O
254	о	O
254	браке	O
254	66-592025	B-MARRIAGE
254	на	O
254	имя	O
254	Кондратьев	B-FAMILY
254	Филарет,	B-NAME
254	СНИЛС	O
254	500-975-197	B-SNILS
254	88.	I-SNILS

255	В	O
255	анкете	O
255	заказчика	O
255	Никитин	B-FAMILY
255	Лонгин	B-NAME
255	записаны	O
255	ИНН	O
255	618091901581,	B-INN
255	СНИЛС	O
255	449-147-660	B-SNILS
255	60	I-SNILS
255	и	O
255	рабочий	O
255	телефон	O
255	+7-920-646-38-27.	B-PHONE

256	В	O
256	выписке	O
256	ЕГРН	O
256	указан	O
256	кадастровый	O
256	номер	O
256	объекта	O
256	70:78:259223:1566;	B-CADASTRAL
256	владелец	O
256	Мария	B-FAMILY
256	Натановна,	B-NAME
256	паспорт	O
256	1806	B-PASSPORT
256	643842.	I-PASSPORT

257	В	O
257	выписке	O
257	ЕГРН	O
257	указан	O
257	кадастровый	O
257	номер	O
257	объекта	O
257	17:19:336508:1347;	B-CADASTRAL
257	владелец	O
257	Анастасия	B-FAMILY
257	Николаевна,	B-NAME
257	паспорт	O
257	6260	B-PASSPORT
257	129861.	I-PASSPORT

258	В	O
258	выписке	O
258	ЕГРН	O
258	указан	O
258	кадастровый	O
258	номер	O
258	объекта	O
258	96:72:665158:4305;	B-CADASTRAL
258	владелец	O
258	Ангелина	B-FAMILY
258	Святославовна,	B-NAME
258	паспорт	O
258	4150	B-PASSPORT
258	838797.	I-PASSPORT

259	Заявитель	O
259	Милован	B-FAMILY
259	Иларионович,	B-NAME
259	паспорт	O
259	9359	B-PASSPORT
259	926369,	I-PASSPORT
259	ИНН	O
259	018498042537,	B-INN
259	СНИЛС	O
259	337-773-126	B-SNILS
259	70,	I-SNILS
259	контактный	O
259	телефон	O
259	+7-981-742-79-19.	B-PHONE

260	В	O
260	анкете	O
260	заказчика	O
260	Кузьмина	B-FAMILY
260	Агафья	B-NAME
260	записаны	O
260	ИНН	O
260	022356972521,	B-INN
260	СНИЛС	O
260	752-500-743	B-SNILS
260	97	I-SNILS
260	и	O
260	рабочий	O
260	телефон	O
260	+7-999-272-83-30.	B-PHONE

261	В	O
261	ЗАГС	O
261	поданы	O
261	документы:	O
261	свидетельство	O
261	о	O
261	браке	O
261	25-540586,	B-MARRIAGE
261	паспорт	O
261	1880	B-PASSPORT
261	196931,	I-PASSPORT
261	телефон	O
261	+7-918-431-95-50.	B-PHONE

262	Пользователь	O
262	Филиппович	B-NAME
262	Марк	B-FAMILY
262	оплачивает	O
262	заказ	O
262	картой	O
262	2776	B-CARD
262	5725	I-CARD
262	6592	I-CARD
262	0246,	I-CARD
262	оставляя	O
262	телефон	O
262	+7-906-132-42-59	B-PHONE
262	на	O
262	сайте	O
262	https://www.university.com/cabinet.	B-URL

263	В	O
263	личном	O
263	деле	O
263	сотрудника	O
263	Муравьева	B-FAMILY
263	Кира	B-NAME
263	указаны	O
263	документы:	O
263	паспорт	O
263	2776	B-PASSPORT
263	515750,	I-PASSPORT
263	ИНН	O
263	599530062212,	B-INN
263	СНИЛС	O
263	242-767-746	B-SNILS
263	17,	I-SNILS
263	телефон	O
263	+7-997-423-88-18.	B-PHONE

264	На	O
264	сайте	O
264	https://www.shop.org/cabinet	B-URL
264	пользователь	O
264	Феодосьевич	B-NAME
264	Федот	B-FAMILY
264	оставил	O
264	номер	O
264	карты	O
264	7744	B-CARD
264	9160	I-CARD
264	9365	I-CARD
264	9520	I-CARD
264	и	O
264	подтвердил	O
264	связь	O
264	по	O
264	телефону	O
264	+7-931-804-58-52.	B-PHONE

265	На	O
265	портале	O
265	госуслуг	O
265	подтверждён	O
265	брак	O
265	по	O
265	свидетельству	O
265	60-464314;	B-MARRIAGE
265	контактное	O
265	лицо	O
265	Тарасовна	B-NAME
265	Зинаида,	B-FAMILY
265	ИНН	O
265	090144734043,	B-INN
265	СНИЛС	O
265	370-096-873	B-SNILS
265	91.	I-SNILS

266	На	O
266	портале	O
266	госуслуг	O
266	подтверждён	O
266	брак	O
266	по	O
266	свидетельству	O
266	18-702727;	B-MARRIAGE
266	контактное	O
266	лицо	O
266	Ааронович	B-NAME
266	Радислав,	B-FAMILY
266	ИНН	O
266	334191825537,	B-INN
266	СНИЛС	O
266	147-859-696	B-SNILS
266	75.	I-SNILS

267	В	O
267	ЗАГС	O
267	поданы	O
267	документы:	O
267	свидетельство	O
267	о	O
267	браке	O
267	06-749468,	B-MARRIAGE
267	паспорт	O
267	7658	B-PASSPORT
267	609231,	I-PASSPORT
267	телефон	O
267	+7-995-421-17-16.	B-PHONE

268	Заявитель	O
268	Пестова	B-FAMILY
268	Майя,	B-NAME
268	паспорт	O
268	7049	B-PASSPORT
268	675547,	I-PASSPORT
268	ИНН	O
268	008514036965,	B-INN
268	СНИЛС	O
268	666-683-272	B-SNILS
268	24,	I-SNILS
268	контактный	O
268	телефон	O
268	+7-971-493-56-63.	B-PHONE

269	Я,	O
269	Казаков	B-FAMILY
269	Натан,	B-NAME
269	предъявляю	O
269	паспорт	O
269	7401	B-PASSPORT
269	158356,	I-PASSPORT
269	проживаю	O
269	по	O
269	адресу:	O
269	г.	O
269	д.	O
269	Инта,	O
269	ИНН	O
269	146723849791,	B-INN
269	телефон	O
269	+7-960-591-47-47.	B-PHONE

270	В	O
270	анкете	O
270	заказчика	O
270	Тамара	B-FAMILY
270	Борисовна	B-NAME
270	записаны	O
270	ИНН	O
270	323023467912,	B-INN
270	СНИЛС	O
270	141-614-150	B-SNILS
270	74	I-SNILS
270	и	O
270	рабочий	O
270	телефон	O
270	+7-930-589-72-96.	B-PHONE

271	В	O
271	анкете	O
271	заказчика	O
271	Нина	B-FAMILY
271	Аскольдовна	B-NAME
271	записаны	O
271	ИНН	O
271	148727178333,	B-INN
271	СНИЛС	O
271	211-602-564	B-SNILS
271	28	I-SNILS
271	и	O
271	рабочий	O
271	телефон	O
271	+7-992-363-95-70.	B-PHONE

272	На	O
272	сайте	O
272	https://secure.company.org/cabinet	B-URL
272	пользователь	O
272	Матвеевна	B-NAME
272	Прасковья	B-FAMILY
272	оставил	O
272	номер	O
272	карты	O
272	9774	B-CARD
272	6886	I-CARD
272	2392	I-CARD
272	4075	I-CARD
272	и	O
272	подтвердил	O
272	связь	O
272	по	O
272	телефону	O
272	+7-960-955-34-57.	B-PHONE

273	Заявитель	O
273	Маслов	B-FAMILY
273	Пимен,	B-NAME
273	паспорт	O
273	2783	B-PASSPORT
273	665422,	I-PASSPORT
273	ИНН	O
273	433687509263,	B-INN
273	СНИЛС	O
273	223-998-213	B-SNILS
273	57,	I-SNILS
273	контактный	O
273	телефон	O
273	+7-935-443-53-63.	B-PHONE

274	Клиент	O
274	Станислав	B-FAMILY
274	Игнатьевич	B-NAME
274	сообщил	O
274	паспорт	O
274	5889	B-PASSPORT
274	348958,	I-PASSPORT
274	СНИЛС	O
274	157-090-859	B-SNILS
274	74	I-SNILS
274	и	O
274	номер	O
274	банковской	O
274	карты	O
274	9207	B-CARD
274	4926	I-CARD
274	9996	I-CARD
274	9964	I-CARD
274	для	O
274	безопасной	O
274	оплаты.	O

275	На	O
275	портале	O
275	госуслуг	O
275	подтверждён	O
275	брак	O
275	по	O
275	свидетельству	O
275	85-435109;	B-MARRIAGE
275	контактное	O
275	лицо	O
275	Марфа	B-NAME
275	Крюкова,	B-FAMILY
275	ИНН	O
275	034944665743,	B-INN
275	СНИЛС	O
275	748-969-108	B-SNILS
275	84.	I-SNILS

276	Для	O
276	входа	O
276	на	O
276	портал	O
276	https://portal.university.com/cabinet	B-URL
276	требуется	O
276	указать	O
276	контактный	O
276	телефон	O
276	+7-985-463-31-92	B-PHONE
276	пользователя	O
276	Данила	B-NAME
276	Красильников.	B-FAMILY

277	В	O
277	личном	O
277	деле	O
277	сотрудника	O
277	Романова	B-FAMILY
277	Виктория	B-NAME
277	указаны	O
277	документы:	O
277	паспорт	O
277	7523	B-PASSPORT
277	389282,	I-PASSPORT
277	ИНН	O
277	317139005329,	B-INN
277	СНИЛС	O
277	318-393-352	B-SNILS
277	76,	I-SNILS
277	телефон	O
277	+7-900-383-28-26.	B-PHONE

278	В	O
278	ЗАГС	O
278	поданы	O
278	документы:	O
278	свидетельство	O
278	о	O
278	браке	O
278	03-515182,	B-MARRIAGE
278	паспорт	O
278	7121	B-PASSPORT
278	536045,	I-PASSPORT
278	телефон	O
278	+7-941-974-76-66.	B-PHONE

279	Пользователь	O
279	Олимпиада	B-NAME
279	Шашкова	B-FAMILY
279	оплачивает	O
279	заказ	O
279	картой	O
279	4213	B-CARD
279	8820	I-CARD
279	9088	I-CARD
279	3070,	I-CARD
279	оставляя	O
279	телефон	O
279	+7-996-208-39-95	B-PHONE
279	на	O
279	сайте	O
279	https://lk.bank.com/cabinet.	B-URL

280	В	O
280	анкете	O
280	заказчика	O
280	Денисов	B-FAMILY
280	Виссарион	B-NAME
280	записаны	O
280	ИНН	O
280	751097921583,	B-INN
280	СНИЛС	O
280	503-446-945	B-SNILS
280	79	I-SNILS
280	и	O
280	рабочий	O
280	телефон	O
280	+7-998-512-42-81.	B-PHONE

281	Пользователь	O
281	Вячеславовна	B-NAME
281	София	B-FAMILY
281	оплачивает	O
281	заказ	O
281	картой	O
281	8039	B-CARD
281	6522	I-CARD
281	3955	I-CARD
281	9059,	I-CARD
281	оставляя	O
281	телефон	O
281	+7-931-772-40-44	B-PHONE
281	на	O
281	сайте	O
281	https://secure.bank.org/cabinet.	B-URL

282	В	O
282	ЗАГС	O
282	поданы	O
282	документы:	O
282	свидетельство	O
282	о	O
282	браке	O
282	64-807097,	B-MARRIAGE
282	паспорт	O
282	9326	B-PASSPORT
282	132019,	I-PASSPORT
282	телефон	O
282	+7-907-931-13-43.	B-PHONE

283	В	O
283	анкете	O
283	заказчика	O
283	Филарет	B-FAMILY
283	Трифонович	B-NAME
283	записаны	O
283	ИНН	O
283	067458476094,	B-INN
283	СНИЛС	O
283	412-833-372	B-SNILS
283	12	I-SNILS
283	и	O
283	рабочий	O
283	телефон	O
283	+7-989-655-74-56.	B-PHONE

284	Для	O
284	входа	O
284	на	O
284	портал	O
284	https://service.shop.ru/cabinet	B-URL
284	требуется	O
284	указать	O
284	контактный	O
284	телефон	O
284	+7-992-754-57-41	B-PHONE
284	пользователя	O
284	Игорь	B-NAME
284	Пахомов.	B-FAMILY

285	На	O
285	сайте	O
285	https://secure.shop.com/cabinet	B-URL
285	пользователь	O
285	Филарет	B-NAME
285	Елисеев	B-FAMILY
285	оставил	O
285	номер	O
285	карты	O
285	7102	B-CARD
285	4817	I-CARD
285	1752	I-CARD
285	4214	I-CARD
285	и	O
285	подтвердил	O
285	связь	O
285	по	O
285	телефону	O
285	+7-909-256-82-90.	B-PHONE

286	В	O
286	акте	O
286	о	O
286	заключении	O
286	брака	O
286	указан	O
286	номер	O
286	свидетельства	O
286	о	O
286	браке	O
286	40-623956	B-MARRIAGE
286	на	O
286	имя	O
286	Елизавета	B-FAMILY
286	Захаровна,	B-NAME
286	СНИЛС	O
286	158-517-432	B-SNILS
286	70.	I-SNILS

287	В	O
287	анкете	O
287	заказчика	O
287	Нонна	B-FAMILY
287	Ниловна	B-NAME
287	записаны	O
287	ИНН	O
287	077046056876,	B-INN
287	СНИЛС	O
287	112-491-256	B-SNILS
287	84	I-SNILS
287	и	O
287	рабочий	O
287	телефон	O
287	+7-943-245-41-71.	B-PHONE

288	Клиент	O
288	Анна	B-FAMILY
288	Павловна	B-NAME
288	сообщил	O
288	паспорт	O
288	8933	B-PASSPORT
288	272820,	I-PASSPORT
288	СНИЛС	O
288	415-471-553	B-SNILS
288	13	I-SNILS
288	и	O
288	номер	O
288	банковской	O
288	карты	O
288	9367	B-CARD
288	8136	I-CARD
288	7500	I-CARD
288	9421	I-CARD
288	для	O
288	безопасной	O
288	оплаты.	O

289	В	O
289	выписке	O
289	ЕГРН	O
289	указан	O
289	кадастровый	O
289	номер	O
289	объекта	O
289	31:23:794799:1277;	B-CADASTRAL
289	владелец	O
289	Рожков	B-FAMILY
289	Остромир,	B-NAME
289	паспорт	O
289	6412	B-PASSPORT
289	927094.	I-PASSPORT

290	В	O
290	ЗАГС	O
290	поданы	O
290	документы:	O
290	свидетельство	O
290	о	O
290	браке	O
290	49-502370,	B-MARRIAGE
290	паспорт	O
290	7938	B-PASSPORT
290	686876,	I-PASSPORT
290	телефон	O
290	+7-970-757-41-32.	B-PHONE

291	На	O
291	сайте	O
291	https://www.university.com/cabinet	B-URL
291	пользователь	O
291	Данилович	B-NAME
291	Зосима	B-FAMILY
291	оставил	O
291	номер	O
291	карты	O
291	8473	B-CARD
291	2365	I-CARD
291	3377	I-CARD
291	4604	I-CARD
291	и	O
291	подтвердил	O
291	связь	O
291	по	O
291	телефону	O
291	+7-941-520-58-94.	B-PHONE

292	В	O
292	анкете	O
292	заказчика	O
292	Никифор	B-FAMILY
292	Ермолаевич	B-NAME
292	записаны	O
292	ИНН	O
292	054115262181,	B-INN
292	СНИЛС	O
292	599-706-296	B-SNILS
292	20	I-SNILS
292	и	O
292	рабочий	O
292	телефон	O
292	+7-906-203-52-36.	B-PHONE

293	Для	O
293	входа	O
293	на	O
293	портал	O
293	https://secure.service.com/cabinet	B-URL
293	требуется	O
293	указать	O
293	контактный	O
293	телефон	O
293	+7-964-271-28-22	B-PHONE
293	пользователя	O
293	Синклитикия	B-NAME
293	Ковалева.	B-FAMILY

294	Клиент	O
294	Мамонтов	B-FAMILY
294	Владлен	B-NAME
294	сообщил	O
294	паспорт	O
294	1001	B-PASSPORT
294	360400,	I-PASSPORT
294	СНИЛС	O
294	988-310-303	B-SNILS
294	18	I-SNILS
294	и	O
294	номер	O
294	банковской	O
294	карты	O
294	9839	B-CARD
294	5429	I-CARD
294	6184	I-CARD
294	4626	I-CARD
294	для	O
294	безопасной	O
294	оплаты.	O

295	Клиент	O
295	Мамонтова	B-FAMILY
295	Оксана	B-NAME
295	сообщил	O
295	паспорт	O
295	8925	B-PASSPORT
295	980930,	I-PASSPORT
295	СНИЛС	O
295	545-667-664	B-SNILS
295	06	I-SNILS
295	и	O
295	номер	O
295	банковской	O
295	карты	O
295	0476	B-CARD
295	3928	I-CARD
295	3199	I-CARD
295	5298	I-CARD
295	для	O
295	безопасной	O
295	оплаты.	O

296	Пользователь	O
296	Жоресович	B-NAME
296	Изяслав	B-FAMILY
296	оплачивает	O
296	заказ	O
296	картой	O
296	8004	B-CARD
296	6358	I-CARD
296	0688	I-CARD
296	2850,	I-CARD
296	оставляя	O
296	телефон	O
296	+7-922-756-50-16	B-PHONE
296	на	O
296	сайте	O
296	https://portal.company.com/cabinet.	B-URL

297	Пользователь	O
297	Ксения	B-NAME
297	Бобылева	B-FAMILY
297	оплачивает	O
297	заказ	O
297	картой	O
297	6425	B-CARD
297	0642	I-CARD
297	0768	I-CARD
297	3625,	I-CARD
297	оставляя	O
297	телефон	O
297	+7-918-393-91-32	B-PHONE
297	на	O
297	сайте	O
297	https://portal.university.com/cabinet.	B-URL

298	Заявитель	O
298	Любовь	B-FAMILY
298	Тимофеевна,	B-NAME
298	паспорт	O
298	3300	B-PASSPORT
298	520940,	I-PASSPORT
298	ИНН	O
298	192372450184,	B-INN
298	СНИЛС	O
298	819-737-418	B-SNILS
298	95,	I-SNILS
298	контактный	O
298	телефон	O
298	+7-978-565-29-19.	B-PHONE

299	В	O
299	личном	O
299	деле	O
299	сотрудника	O
299	Прохор	B-FAMILY
299	Гаврилович	B-NAME
299	указаны	O
299	документы:	O
299	паспорт	O
299	6905	B-PASSPORT
299	154617,	I-PASSPORT
299	ИНН	O
299	313650249163,	B-INN
299	СНИЛС	O
299	009-792-513	B-SNILS
299	20,	I-SNILS
299	телефон	O
299	+7-963-193-97-89.	B-PHONE

300	Клиент	O
300	Селезнев	B-FAMILY
300	Никон	B-NAME
300	сообщил	O
300	паспорт	O
300	8361	B-PASSPORT
300	638289,	I-PASSPORT
300	СНИЛС	O
300	361-530-515	B-SNILS
300	18	I-SNILS
300	и	O
300	номер	O
300	банковской	O
300	карты	O
300	2779	B-CARD
300	0104	I-CARD
300	3289	I-CARD
300	8614	I-CARD
300	для	O
300	безопасной	O
300	оплаты.	O

301	Заявитель	O
301	Константинова	B-FAMILY
301	Таисия,	B-NAME
301	паспорт	O
301	7861	B-PASSPORT
301	104792,	I-PASSPORT
301	ИНН	O
301	833181958837,	B-INN
301	СНИЛС	O
301	340-312-772	B-SNILS
301	20,	I-SNILS
301	контактный	O
301	телефон	O
301	+7-985-144-16-92.	B-PHONE

302	В	O
302	договоре	O
302	аренды	O
302	указан	O
302	кадастровый	O
302	номер	O
302	87:32:972128:8833	B-CADASTRAL
302	и	O
302	контакт	O
302	арендатора	O
302	Ия	B-NAME
302	Белоусова,	B-FAMILY
302	телефон	O
302	+7-984-943-77-97.	B-PHONE

303	Я,	O
303	Панов	B-FAMILY
303	Нифонт,	B-NAME
303	предъявляю	O
303	паспорт	O
303	1067	B-PASSPORT
303	651567,	I-PASSPORT
303	проживаю	O
303	по	O
303	адресу:	O
303	г.	O
303	с.	O
303	Александров	O
303	Гай,	O
303	ИНН	O
303	926137150416,	B-INN
303	телефон	O
303	+7-980-375-86-94.	B-PHONE

304	В	O
304	договоре	O
304	аренды	O
304	указан	O
304	кадастровый	O
304	номер	O
304	84:86:950666:4940	B-CADASTRAL
304	и	O
304	контакт	O
304	арендатора	O
304	Рубеновна	B-NAME
304	Ангелина,	B-FAMILY
304	телефон	O
304	+7-979-838-14-67.	B-PHONE

305	Клиент	O
305	Евдокия	B-FAMILY
305	Филипповна	B-NAME
305	сообщил	O
305	паспорт	O
305	1483	B-PASSPORT
305	902616,	I-PASSPORT
305	СНИЛС	O
305	994-999-393	B-SNILS
305	29	I-SNILS
305	и	O
305	номер	O
305	банковской	O
305	карты	O
305	7289	B-CARD
305	7526	I-CARD
305	7722	I-CARD
305	3306	I-CARD
305	для	O
305	безопасной	O
305	оплаты.	O

306	Клиент	O
306	Фомина	B-FAMILY
306	Лукия	B-NAME
306	сообщил	O
306	паспорт	O
306	9633	B-PASSPORT
306	799539,	I-PASSPORT
306	СНИЛС	O
306	451-076-226	B-SNILS
306	68	I-SNILS
306	и	O
306	номер	O
306	банковской	O
306	карты	O
306	5160	B-CARD
306	6071	I-CARD
306	5969	I-CARD
306	6641	I-CARD
306	для	O
306	безопасной	O
306	оплаты.	O

307	В	O
307	выписке	O
307	ЕГРН	O
307	указан	O
307	кадастровый	O
307	номер	O
307	объекта	O
307	99:72:380484:2477;	B-CADASTRAL
307	владелец	O
307	Артем	B-FAMILY
307	Теймуразович,	B-NAME
307	паспорт	O
307	5806	B-PASSPORT
307	858115.	I-PASSPORT

308	Заявитель	O
308	Ильина	B-FAMILY
308	Александра,	B-NAME
308	паспорт	O
308	3173	B-PASSPORT
308	429462,	I-PASSPORT
308	ИНН	O
308	523561781703,	B-INN
308	СНИЛС	O
308	211-920-613	B-SNILS
308	96,	I-SNILS
308	контактный	O
308	телефон	O
308	+7-954-343-75-95.	B-PHONE

309	На	O
309	сайте	O
309	https://lk.company.ru/cabinet	B-URL
309	пользователь	O
309	Олимпиада	B-NAME
309	Орехова	B-FAMILY
309	оставил	O
309	номер	O
309	карты	O
309	7009	B-CARD
309	3459	I-CARD
309	6262	I-CARD
309	2822	I-CARD
309	и	O
309	подтвердил	O
309	связь	O
309	по	O
309	телефону	O
309	+7-916-631-29-27.	B-PHONE

310	В	O
310	личном	O
310	деле	O
310	сотрудника	O
310	Тихонова	B-FAMILY
310	Ираида	B-NAME
310	указаны	O
310	документы:	O
310	паспорт	O
310	4256	B-PASSPORT
310	883377,	I-PASSPORT
310	ИНН	O
310	531531363631,	B-INN
310	СНИЛС	O
310	797-062-397	B-SNILS
310	22,	I-SNILS
310	телефон	O
310	+7-949-482-27-68.	B-PHONE

311	На	O
311	сайте	O
311	https://portal.company.org/cabinet	B-URL
311	пользователь	O
311	Валерианович	B-NAME
311	Валерьян	B-FAMILY
311	оставил	O
311	номер	O
311	карты	O
311	3659	B-CARD
311	6807	I-CARD
311	8525	I-CARD
311	4824	I-CARD
311	и	O
311	подтвердил	O
311	связь	O
311	по	O
311	телефону	O
311	+7-929-853-71-53.	B-PHONE

312	В	O
312	договоре	O
312	аренды	O
312	указан	O
312	кадастровый	O
312	номер	O
312	23:73:556986:5284	B-CADASTRAL
312	и	O
312	контакт	O
312	арендатора	O
312	Михайловна	B-NAME
312	Лидия,	B-FAMILY
312	телефон	O
312	+7-985-887-81-29.	B-PHONE

313	В	O
313	договоре	O
313	аренды	O
313	указан	O
313	кадастровый	O
313	номер	O
313	04:57:620246:6008	B-CADASTRAL
313	и	O
313	контакт	O
313	арендатора	O
313	Юрьевна	B-NAME
313	Агата,	B-FAMILY
313	телефон	O
313	+7-925-593-72-41.	B-PHONE

314	В	O
314	выписке	O
314	ЕГРН	O
314	указан	O
314	кадастровый	O
314	номер	O
314	объекта	O
314	09:61:892309:7934;	B-CADASTRAL
314	владелец	O
314	Агафья	B-FAMILY
314	Аркадьевна,	B-NAME
314	паспорт	O
314	5913	B-PASSPORT
314	177440.	I-PASSPORT

315	В	O
315	ЗАГС	O
315	поданы	O
315	документы:	O
315	свидетельство	O
315	о	O
315	браке	O
315	53-123942,	B-MARRIAGE
315	паспорт	O
315	7693	B-PASSPORT
315	469124,	I-PASSPORT
315	телефон	O
315	+7-900-645-52-69.	B-PHONE

316	В	O
316	выписке	O
316	ЕГРН	O
316	указан	O
316	кадастровый	O
316	номер	O
316	объекта	O
316	33:19:980155:1017;	B-CADASTRAL
316	владелец	O
316	Федот	B-FAMILY
316	Исидорович,	B-NAME
316	паспорт	O
316	7518	B-PASSPORT
316	459513.	I-PASSPORT

317	В	O
317	личном	O
317	деле	O
317	сотрудника	O
317	Родионова	B-FAMILY
317	Феврония	B-NAME
317	указаны	O
317	документы:	O
317	паспорт	O
317	4555	B-PASSPORT
317	199453,	I-PASSPORT
317	ИНН	O
317	067245307624,	B-INN
317	СНИЛС	O
317	843-379-766	B-SNILS
317	20,	I-SNILS
317	телефон	O
317	+7-962-781-17-55.	B-PHONE

318	Пользователь	O
318	Власович	B-NAME
318	Архип	B-FAMILY
318	оплачивает	O
318	заказ	O
318	картой	O
318	3556	B-CARD
318	9092	I-CARD
318	7557	I-CARD
318	1928,	I-CARD
318	оставляя	O
318	телефон	O
318	+7-956-135-26-18	B-PHONE
318	на	O
318	сайте	O
318	https://lk.university.com/cabinet.	B-URL

319	В	O
319	акте	O
319	о	O
319	заключении	O
319	брака	O
319	указан	O
319	номер	O
319	свидетельства	O
319	о	O
319	браке	O
319	64-741780	B-MARRIAGE
319	на	O
319	имя	O
319	Леон	B-FAMILY
319	Харлампович,	B-NAME
319	СНИЛС	O
319	390-219-620	B-SNILS
319	62.	I-SNILS

320	В	O
320	анкете	O
320	заказчика	O
320	Бирюков	B-FAMILY
320	Филарет	B-NAME
320	записаны	O
320	ИНН	O
320	120735647570,	B-INN
320	СНИЛС	O
320	512-046-187	B-SNILS
320	23	I-SNILS
320	и	O
320	рабочий	O
320	телефон	O
320	+7-924-961-42-58.	B-PHONE

321	В	O
321	договоре	O
321	аренды	O
321	указан	O
321	кадастровый	O
321	номер	O
321	48:85:279683:8634	B-CADASTRAL
321	и	O
321	контакт	O
321	арендатора	O
321	Ярославович	B-NAME
321	Аггей,	B-FAMILY
321	телефон	O
321	+7-936-278-38-43.	B-PHONE

322	Я,	O
322	Никифорова	B-FAMILY
322	Прасковья,	B-NAME
322	предъявляю	O
322	паспорт	O
322	9566	B-PASSPORT
322	772149,	I-PASSPORT
322	проживаю	O
322	по	O
322	адресу:	O
322	г.	O
322	с.	O
322	Усть-Кулом,	O
322	ИНН	O
322	164709006335,	B-INN
322	телефон	O
322	+7-985-164-38-22.	B-PHONE

323	В	O
323	договоре	O
323	аренды	O
323	указан	O
323	кадастровый	O
323	номер	O
323	57:24:741018:6222	B-CADASTRAL
323	и	O
323	контакт	O
323	арендатора	O
323	Ануфриевич	B-NAME
323	Боян,	B-FAMILY
323	телефон	O
323	+7-979-374-21-57.	B-PHONE

324	В	O
324	ЗАГС	O
324	поданы	O
324	документы:	O
324	свидетельство	O
324	о	O
324	браке	O
324	26-107804,	B-MARRIAGE
324	паспорт	O
324	1525	B-PASSPORT
324	966621,	I-PASSPORT
324	телефон	O
324	+7-920-213-26-78.	B-PHONE

325	Пользователь	O
325	Денисович	B-NAME
325	Василий	B-FAMILY
325	оплачивает	O
325	заказ	O
325	картой	O
325	6326	B-CARD
325	8685	I-CARD
325	0745	I-CARD
325	1066,	I-CARD
325	оставляя	O
325	телефон	O
325	+7-915-663-20-55	B-PHONE
325	на	O
325	сайте	O
325	https://portal.shop.ru/cabinet.	B-URL

326	В	O
326	договоре	O
326	аренды	O
326	указан	O
326	кадастровый	O
326	номер	O
326	81:70:632188:7502	B-CADASTRAL
326	и	O
326	контакт	O
326	арендатора	O
326	Раиса	B-NAME
326	Савельева,	B-FAMILY
326	телефон	O
326	+7-920-229-14-52.	B-PHONE

327	В	O
327	договоре	O
327	аренды	O
327	указан	O
327	кадастровый	O
327	номер	O
327	60:12:709644:1890	B-CADASTRAL
327	и	O
327	контакт	O
327	арендатора	O
327	Филипповна	B-NAME
327	Клавдия,	B-FAMILY
327	телефон	O
327	+7-974-437-67-30.	B-PHONE

328	Пользователь	O
328	Тимурович	B-NAME
328	Ульян	B-FAMILY
328	оплачивает	O
328	заказ	O
328	картой	O
328	0084	B-CARD
328	8408	I-CARD
328	6211	I-CARD
328	8233,	I-CARD
328	оставляя	O
328	телефон	O
328	+7-900-644-80-62	B-PHONE
328	на	O
328	сайте	O
328	https://secure.service.com/cabinet.	B-URL

329	В	O
329	договоре	O
329	аренды	O
329	указан	O
329	кадастровый	O
329	номер	O
329	71:09:960406:9223	B-CADASTRAL
329	и	O
329	контакт	O
329	арендатора	O
329	Данила	B-NAME
329	Филатов,	B-FAMILY
329	телефон	O
329	+7-934-512-63-64.	B-PHONE

330	Для	O
330	входа	O
330	на	O
330	портал	O
330	https://www.university.ru/cabinet	B-URL
330	требуется	O
330	указать	O
330	контактный	O
330	телефон	O
330	+7-902-613-91-49	B-PHONE
330	пользователя	O
330	Семеновна	B-NAME
330	Эмилия.	B-FAMILY

331	В	O
331	акте	O
331	о	O
331	заключении	O
331	брака	O
331	указан	O
331	номер	O
331	свидетельства	O
331	о	O
331	браке	O
331	76-294118	B-MARRIAGE
331	на	O
331	имя	O
331	Козлова	B-FAMILY
331	Анна,	B-NAME
331	СНИЛС	O
331	501-249-552	B-SNILS
331	64.	I-SNILS

332	В	O
332	выписке	O
332	ЕГРН	O
332	указан	O
332	кадастровый	O
332	номер	O
332	объекта	O
332	16:24:433025:2385;	B-CADASTRAL
332	владелец	O
332	Мефодий	B-FAMILY
332	Аксёнович,	B-NAME
332	паспорт	O
332	5953	B-PASSPORT
332	347678.	I-PASSPORT

333	Я,	O
333	Феоктист	B-FAMILY
333	Димитриевич,	B-NAME
333	предъявляю	O
333	паспорт	O
333	5295	B-PASSPORT
333	712955,	I-PASSPORT
333	проживаю	O
333	по	O
333	адресу:	O
333	г.	O
333	с.	O
333	Нефтегорск	O
333	(Самар.),	O
333	ИНН	O
333	651370985931,	B-INN
333	телефон	O
333	+7-912-340-78-27.	B-PHONE

334	В	O
334	акте	O
334	о	O
334	заключении	O
334	брака	O
334	указан	O
334	номер	O
334	свидетельства	O
334	о	O
334	браке	O
334	24-671971	B-MARRIAGE
334	на	O
334	имя	O
334	Рожкова	B-FAMILY
334	Елена,	B-NAME
334	СНИЛС	O
334	868-740-345	B-SNILS
334	99.	I-SNILS

335	На	O
335	портале	O
335	госуслуг	O
335	подтверждён	O
335	брак	O
335	по	O
335	свидетельству	O
335	67-400384;	B-MARRIAGE
335	контактное	O
335	лицо	O
335	Георгий	B-NAME
335	Стрелков,	B-FAMILY
335	ИНН	O
335	588744956213,	B-INN
335	СНИЛС	O
335	721-386-589	B-SNILS
335	89.	I-SNILS

336	На	O
336	портале	O
336	госуслуг	O
336	подтверждён	O
336	брак	O
336	по	O
336	свидетельству	O
336	73-937200;	B-MARRIAGE
336	контактное	O
336	лицо	O
336	Мирослав	B-NAME
336	Стрелков,	B-FAMILY
336	ИНН	O
336	935837490797,	B-INN
336	СНИЛС	O
336	796-120-878	B-SNILS
336	83.	I-SNILS

337	Для	O
337	входа	O
337	на	O
337	портал	O
337	https://lk.service.com/cabinet	B-URL
337	требуется	O
337	указать	O
337	контактный	O
337	телефон	O
337	+7-972-904-14-27	B-PHONE
337	пользователя	O
337	Ладислав	B-NAME
337	Андреев.	B-FAMILY

338	В	O
338	анкете	O
338	заказчика	O
338	Николай	B-FAMILY
338	Андреевич	B-NAME
338	записаны	O
338	ИНН	O
338	681039033970,	B-INN
338	СНИЛС	O
338	519-582-632	B-SNILS
338	68	I-SNILS
338	и	O
338	рабочий	O
338	телефон	O
338	+7-900-742-89-46.	B-PHONE

339	На	O
339	портале	O
339	госуслуг	O
339	подтверждён	O
339	брак	O
339	по	O
339	свидетельству	O
339	76-601680;	B-MARRIAGE
339	контактное	O
339	лицо	O
339	Зинаида	B-NAME
339	Вишнякова,	B-FAMILY
339	ИНН	O
339	613723081721,	B-INN
339	СНИЛС	O
339	436-438-130	B-SNILS
339	02.	I-SNILS

340	В	O
340	договоре	O
340	аренды	O
340	указан	O
340	кадастровый	O
340	номер	O
340	98:10:793193:8519	B-CADASTRAL
340	и	O
340	контакт	O
340	арендатора	O
340	Ильич	B-NAME
340	Святослав,	B-FAMILY
340	телефон	O
340	+7-918-886-68-23.	B-PHONE

341	В	O
341	договоре	O
341	аренды	O
341	указан	O
341	кадастровый	O
341	номер	O
341	79:84:300160:1198	B-CADASTRAL
341	и	O
341	контакт	O
341	арендатора	O
341	Бориславович	B-NAME
341	Ратмир,	B-FAMILY
341	телефон	O
341	+7-965-482-12-82.	B-PHONE

342	На	O
342	сайте	O
342	https://portal.shop.org/cabinet	B-URL
342	пользователь	O
342	Ниловна	B-NAME
342	Анастасия	B-FAMILY
342	оставил	O
342	номер	O
342	карты	O
342	7480	B-CARD
342	1624	I-CARD
342	5650	I-CARD
342	6098	I-CARD
342	и	O
342	подтвердил	O
342	связь	O
342	по	O
342	телефону	O
342	+7-936-606-86-93.	B-PHONE

343	В	O
343	ЗАГС	O
343	поданы	O
343	документы:	O
343	свидетельство	O
343	о	O
343	браке	O
343	59-814149,	B-MARRIAGE
343	паспорт	O
343	8878	B-PASSPORT
343	175434,	I-PASSPORT
343	телефон	O
343	+7-915-494-82-30.	B-PHONE

344	Заявитель	O
344	Котов	B-FAMILY
344	Ферапонт,	B-NAME
344	паспорт	O
344	6753	B-PASSPORT
344	857524,	I-PASSPORT
344	ИНН	O
344	326973112196,	B-INN
344	СНИЛС	O
344	565-234-138	B-SNILS
344	76,	I-SNILS
344	контактный	O
344	телефон	O
344	+7-976-838-87-46.	B-PHONE

345	Клиент	O
345	Киселева	B-FAMILY
345	Ксения	B-NAME
345	сообщил	O
345	паспорт	O
345	8731	B-PASSPORT
345	817606,	I-PASSPORT
345	СНИЛС	O
345	273-524-103	B-SNILS
345	73	I-SNILS
345	и	O
345	номер	O
345	банковской	O
345	карты	O
345	9732	B-CARD
345	7819	I-CARD
345	5237	I-CARD
345	1006	I-CARD
345	для	O
345	безопасной	O
345	оплаты.	O

346	На	O
346	сайте	O
346	https://portal.university.org/cabinet	B-URL
346	пользователь	O
346	Дарья	B-NAME
346	Дроздова	B-FAMILY
346	оставил	O
346	номер	O
346	карты	O
346	4309	B-CARD
346	8591	I-CARD
346	6795	I-CARD
346	4107	I-CARD
346	и	O
346	подтвердил	O
346	связь	O
346	по	O
346	телефону	O
346	+7-950-703-63-45.	B-PHONE

347	В	O
347	акте	O
347	о	O
347	заключении	O
347	брака	O
347	указан	O
347	номер	O
347	свидетельства	O
347	о	O
347	браке	O
347	51-114594	B-MARRIAGE
347	на	O
347	имя	O
347	Кошелева	B-FAMILY
347	Ия,	B-NAME
347	СНИЛС	O
347	470-952-145	B-SNILS
347	95.	I-SNILS

348	В	O
348	договоре	O
348	аренды	O
348	указан	O
348	кадастровый	O
348	номер	O
348	18:42:977057:3494	B-CADASTRAL
348	и	O
348	контакт	O
348	арендатора	O
348	Арсенович	B-NAME
348	Исай,	B-FAMILY
348	телефон	O
348	+7-980-151-49-22.	B-PHONE

349	Клиент	O
349	Юрий	B-FAMILY
349	Валерьевич	B-NAME
349	сообщил	O
349	паспорт	O
349	4048	B-PASSPORT
349	592002,	I-PASSPORT
349	СНИЛС	O
349	893-113-253	B-SNILS
349	20	I-SNILS
349	и	O
349	номер	O
349	банковской	O
349	карты	O
349	9684	B-CARD
349	3645	I-CARD
349	3804	I-CARD
349	4210	I-CARD
349	для	O
349	безопасной	O
349	оплаты.	O

350	В	O
350	ЗАГС	O
350	поданы	O
350	документы:	O
350	свидетельство	O
350	о	O
350	браке	O
350	85-874703,	B-MARRIAGE
350	паспорт	O
350	2270	B-PASSPORT
350	664814,	I-PASSPORT
350	телефон	O
350	+7-978-740-48-38.	B-PHONE

351	На	O
351	сайте	O
351	https://www.bank.com/cabinet	B-URL
351	пользователь	O
351	Филимонович	B-NAME
351	Ипполит	B-FAMILY
351	оставил	O
351	номер	O
351	карты	O
351	9078	B-CARD
351	9567	I-CARD
351	7665	I-CARD
351	7546	I-CARD
351	и	O
351	подтвердил	O
351	связь	O
351	по	O
351	телефону	O
351	+7-956-631-55-39.	B-PHONE

352	Заявитель	O
352	Самсонов	B-FAMILY
352	Азарий,	B-NAME
352	паспорт	O
352	4012	B-PASSPORT
352	891062,	I-PASSPORT
352	ИНН	O
352	873342708668,	B-INN
352	СНИЛС	O
352	826-343-517	B-SNILS
352	47,	I-SNILS
352	контактный	O
352	телефон	O
352	+7-911-648-34-16.	B-PHONE

353	Клиент	O
353	Майя	B-FAMILY
353	Богдановна	B-NAME
353	сообщил	O
353	паспорт	O
353	3644	B-PASSPORT
353	112936,	I-PASSPORT
353	СНИЛС	O
353	488-694-611	B-SNILS
353	81	I-SNILS
353	и	O
353	номер	O
353	банковской	O
353	карты	O
353	4364	B-CARD
353	0270	I-CARD
353	1168	I-CARD
353	6462	I-CARD
353	для	O
353	безопасной	O
353	оплаты.	O

354	В	O
354	договоре	O
354	аренды	O
354	указан	O
354	кадастровый	O
354	номер	O
354	82:69:513501:998	B-CADASTRAL
354	и	O
354	контакт	O
354	арендатора	O
354	Юрьевна	B-NAME
354	Мария,	B-FAMILY
354	телефон	O
354	+7-950-846-16-80.	B-PHONE

355	На	O
355	сайте	O
355	https://portal.company.ru/cabinet	B-URL
355	пользователь	O
355	Дорофей	B-NAME
355	Пестов	B-FAMILY
355	оставил	O
355	номер	O
355	карты	O
355	0204	B-CARD
355	1813	I-CARD
355	5998	I-CARD
355	9897	I-CARD
355	и	O
355	подтвердил	O
355	связь	O
355	по	O
355	телефону	O
355	+7-921-208-21-62.	B-PHONE

356	В	O
356	договоре	O
356	аренды	O
356	указан	O
356	кадастровый	O
356	номер	O
356	91:75:565808:1387	B-CADASTRAL
356	и	O
356	контакт	O
356	арендатора	O
356	Михей	B-NAME
356	Максимов,	B-FAMILY
356	телефон	O
356	+7-998-824-49-81.	B-PHONE

357	В	O
357	ЗАГС	O
357	поданы	O
357	документы:	O
357	свидетельство	O
357	о	O
357	браке	O
357	50-298663,	B-MARRIAGE
357	паспорт	O
357	3126	B-PASSPORT
357	287316,	I-PASSPORT
357	телефон	O
357	+7-962-952-20-69.	B-PHONE

358	В	O
358	личном	O
358	деле	O
358	сотрудника	O
358	Федотова	B-FAMILY
358	Екатерина	B-NAME
358	указаны	O
358	документы:	O
358	паспорт	O
358	9148	B-PASSPORT
358	409963,	I-PASSPORT
358	ИНН	O
358	466609935387,	B-INN
358	СНИЛС	O
358	584-282-417	B-SNILS
358	16,	I-SNILS
358	телефон	O
358	+7-994-364-81-33.	B-PHONE

359	На	O
359	сайте	O
359	https://www.bank.ru/cabinet	B-URL
359	пользователь	O
359	Исидор	B-NAME
359	Ершов	B-FAMILY
359	оставил	O
359	номер	O
359	карты	O
359	2641	B-CARD
359	8696	I-CARD
359	5613	I-CARD
359	0876	I-CARD
359	и	O
359	подтвердил	O
359	связь	O
359	по	O
359	телефону	O
359	+7-997-467-79-96.	B-PHONE

